CREATE DATABASE BDZ2_my
GO

USE BDZ2_my
GO

CREATE TABLE Orders(ndoc int primary key, Date_of_Order datetime, Cust_ID int, Sum_RUR float, Pmnt_RUR float)

CREATE TABLE Orders_data (ndoc int, npos int, Book_ID int, Qty_ord int, Qty_out int, Price_RUR float, primary key(ndoc, npos))

CREATE TABLE Stock (Book_ID int primary key, Qty_in_Stock int, Qty_rsrv int)

CREATE TABLE Books (Book_ID int primary key, Book nvarchar(max), Author_ID int, BookYear int, Price_RUR float, Section_ID int)

CREATE TABLE Sections (Section_ID int primary key, Section nvarchar(max))

CREATE TABLE Authors (Author_ID int primary key, Surname nvarchar(max), Name nvarchar(max))

CREATE TABLE Customers (Cust_ID int primary key, Customer nvarchar(max), Balance float)


INSERT INTO Authors

VALUES (1,'Адам','Смит')

INSERT INTO Authors

VALUES (2,'Айзенк','Г.')

INSERT INTO Authors

VALUES (3,'Арнольд','В.')

INSERT INTO Authors

VALUES (4,'Арнольд','В.')

INSERT INTO Authors

VALUES (5,'Астахова','И.')

INSERT INTO Authors

VALUES (6,'Ахо','Альфред')

INSERT INTO Authors

VALUES (7,'Белоусов','Ю.')

INSERT INTO Authors

VALUES (8,'Гуриев','С.')

INSERT INTO Authors

VALUES (9,'Дейт','К.')

INSERT INTO Authors

VALUES (10,'Зеленский','А.')

INSERT INTO Authors

VALUES (11,'Камменова','М.')

INSERT INTO Authors

VALUES (12,'Каретников','М.')

INSERT INTO Authors

VALUES (13,'Касьянов','В.')

INSERT INTO Authors

VALUES (14,'Кнут','Дональд')

INSERT INTO Authors

VALUES (15,'Ковалев','В.')

INSERT INTO Authors

VALUES (16,'Кормен','Т.')

INSERT INTO Authors

VALUES (17,'Кристиансен','Том')

INSERT INTO Authors

VALUES (18,'Кудрявцев','Н.')

INSERT INTO Authors

VALUES (19,'Кулаков','Ю.')

INSERT INTO Authors

VALUES (20,'Кульгин','М.')

INSERT INTO Authors

VALUES (21,'Лагутенко','О.')

INSERT INTO Authors

VALUES (22,'Левин','Максим')

INSERT INTO Authors

VALUES (23,'Леинванд','Аллан')

INSERT INTO Authors

VALUES (24,'Лимончелли','Томас')

INSERT INTO Authors

VALUES (25,'Маклаков','С.')

INSERT INTO Authors

VALUES (26,'Новиков','Ю.')

INSERT INTO Authors

VALUES (27,'Паркхерст','Уильям')

INSERT INTO Authors

VALUES (28,'Райгородский','А.')

INSERT INTO Authors

VALUES (29,'Ревенко','Н.')

INSERT INTO Authors

VALUES (30,'Садовничий','В.')

INSERT INTO Authors

VALUES (31,'Селко','Джо')

INSERT INTO Authors

VALUES (32,'Сивухин','Д.')

INSERT INTO Authors

VALUES (33,'Сканави','М.')

INSERT INTO Authors

VALUES (34,'Соколов','А.')

INSERT INTO Authors

VALUES (35,'Страуструп','Б.')

INSERT INTO Authors

VALUES (36,'Харрингтон','Дж.')

INSERT INTO Authors

VALUES (37,'Хелеби','Сэм')

INSERT INTO Authors

VALUES (38,'Хернандес','Майкл')

INSERT INTO Authors

VALUES (39,'Холме','Дэн')

INSERT INTO Authors

VALUES (40,'Хопкрофт','Джон')

INSERT INTO Authors

VALUES (41,'Хьюкабери','Дэвид')

INSERT INTO Authors

VALUES (42,'Черемных','С.')

INSERT INTO Authors

VALUES (43,'Экк','Томас')

INSERT INTO Authors

VALUES (44,'Яблонский','С.')

INSERT INTO Authors

VALUES (45,'Янг','Майкл')


INSERT INTO Books

VALUES (1,'Результаты работы Московского физико-технического института (государственного университета) в 2009 году',18,2010,50,11)

INSERT INTO Books

VALUES (2,'Результаты работы Московского физико-технического института (государственного университета) в 2012 году',18,2013,50,11)

INSERT INTO Books

VALUES (3,'Модемы. Справочник пользователя',21,1997,100,2)

INSERT INTO Books

VALUES (4,'Руководство для хакеров',22,2000,150,2)

INSERT INTO Books

VALUES (5,'LXV Московская математическая олимпиада. ',4,2002,150,3)

INSERT INTO Books

VALUES (6,'Технические средства, применяемые сотрудникам личной охраны. Учебное пособие. ',12,1997,150,10)

INSERT INTO Books

VALUES (7,'Справочник для поступающих в высшие учебные заведения',10,1999,200,3)

INSERT INTO Books

VALUES (8,'Модели интернета',28,2013,250,1)

INSERT INTO Books

VALUES (9,'Задачи по теоретической физике',7,2012,250,8)

INSERT INTO Books

VALUES (10,'Теория катастроф',3,2008,300,1)

INSERT INTO Books

VALUES (11,'Экстремальные задачи теории графов и интернет',28,2012,300,1)

INSERT INTO Books

VALUES (12,'Введение в дискретную математику',44,1979,300,1)

INSERT INTO Books

VALUES (13,'Что такое математика?',3,2002,350,1)

INSERT INTO Books

VALUES (14,'Общий курс физики. Атомная и ядерная физика. Том 5',32,2008,350,8)

INSERT INTO Books

VALUES (15,'Общий курс физики. Механика. Том 1',32,2010,350,8)

INSERT INTO Books

VALUES (16,'Общий курс физики. Электричество. Том 3',32,2009,350,8)

INSERT INTO Books

VALUES (17,'Сборник задач по математике для поступаюших в ВУЗы',33,2005,400,3)

INSERT INTO Books

VALUES (18,'Общий курс физики. Термодинамика и молекулярная физика. Том 2',32,2011,400,8)

INSERT INTO Books

VALUES (19,'"Жесткие" и "мягкие" математические модели',3,2000,450,1)

INSERT INTO Books

VALUES (20,'SQL в примерах и задачах',5,2005,450,5)

INSERT INTO Books

VALUES (21,'Общий курс физики. Оптика. Том 4',32,2013,450,8)

INSERT INTO Books

VALUES (22,'Классические IQ-тесты',2,2003,480,9)

INSERT INTO Books

VALUES (23,'Аппаратура локальных сетей: функции, выбор, разработка',26,1998,550,4)

INSERT INTO Books

VALUES (24,'Perl: библиотека программиста.',17,2000,550,5)

INSERT INTO Books

VALUES (25,'Оптимизация бизнес-процессов',36,2002,550,7)

INSERT INTO Books

VALUES (26,'Новые IQ-тесты',2,2003,560,9)

INSERT INTO Books

VALUES (27,'Введение в системы баз данных.',9,2002,600,5)

INSERT INTO Books

VALUES (28,'Компьютерные сети.',19,1998,650,4)

INSERT INTO Books

VALUES (29,'SQL для профессионалов',31,2005,650,5)

INSERT INTO Books

VALUES (30,'Моделирование бизнеса. Методология ARIS. ',11,2000,650,7)

INSERT INTO Books

VALUES (31,'Структурный анализ систем: IDEF-технологии.',42,2001,650,7)

INSERT INTO Books

VALUES (32,'Практика построения компьютерных сетей. Для профессионалов.',20,2001,700,4)

INSERT INTO Books

VALUES (33,'Обеспечение информационной безопасности России. Теоретические и методологические  основы.',30,2002,750,10)

INSERT INTO Books

VALUES (34,'Графы в программировании: обработка, визуализация и применение',13,2003,780,5)

INSERT INTO Books

VALUES (35,'Исследование о природе и причинах богатства народов',1,NULL,780,12)

INSERT INTO Books

VALUES (36,'Сценарии ADSI для системного администрирования Windows NT/2000',43,2000,800,2)

INSERT INTO Books

VALUES (37,'Компиляторы. Принципы, технологии, инструменты.',6,2001,800,5)

INSERT INTO Books

VALUES (38,'SQL-запросы для простых смертных',38,2003,800,5)

INSERT INTO Books

VALUES (39,'Организация, нормирование и стимулирование труда на предприятиях машиностроения',29,2005,800,7)

INSERT INTO Books

VALUES (40,'Алгоритмы: построение и анализ',16,2002,900,5)

INSERT INTO Books

VALUES (41,'Финансовый анализ. Методы и процедуры. ',15,2002,900,7)

INSERT INTO Books

VALUES (42,'BPWin и ERWin. CASE-средства для разработки информационных систем. - 2-е изд., испр. И дополн. ',25,2001,960,6)

INSERT INTO Books

VALUES (43,'Шпионские штучки. Новое и лучшее',34,2000,1050,10)

INSERT INTO Books

VALUES (44,'Конфигурирование маршрутизаторов Cisco',23,2001,1200,4)

INSERT INTO Books

VALUES (45,'Искусство программирования. Том 1. Основные алгоритмы. Третье издание.',14,2000,1200,5)

INSERT INTO Books

VALUES (46,'Искусство программирования. Том 2. Получисленные алгоритмы.Третье издание.',14,2000,1300,5)

INSERT INTO Books

VALUES (47,'XML. Шаг за шагом.',45,2002,1350,5)

INSERT INTO Books

VALUES (48,'Искусство программирования. Том 3. Сортировка и поиск. Второе издание.',14,2000,1400,5)

INSERT INTO Books

VALUES (49,'Мифы экономики: Заблуждения и стереотипы, которые распространяют СМИ и политики',8,2009,1480,12)

INSERT INTO Books

VALUES (50,'Тайм менеджмент для системных администраторов',24,2007,1500,2)

INSERT INTO Books

VALUES (51,'Учебный курс Microsoft. Настройка AD Windows Server 2008',39,2009,1500,2)

INSERT INTO Books

VALUES (52,'Алгоритмы: построение и анализ. Второе издание.',16,2010,1500,5)

INSERT INTO Books

VALUES (53,'Язык программирования C++',35,2005,1500,5)

INSERT INTO Books

VALUES (54,'Введение в теорию автоматов, языков и вычислений.',40,2002,1600,5)

INSERT INTO Books

VALUES (55,'Принципы маршрутизации Internet, 2-е издание.',37,2001,2000,2)

INSERT INTO Books

VALUES (56,'Руководство Cisco по конфигурирования маршрутизаторов Catalyst',41,2004,2000,2)

INSERT INTO Books

VALUES (57,'Справочник по командам и настройке маршрутизаторов Cisco',27,2004,3000,2)


INSERT INTO Customers VALUES (1,'ООО Альянс',3200)

INSERT INTO Customers VALUES (2,'ООО Байт',500000)

INSERT INTO Customers VALUES (3,'ЗАО Вега',6530)

INSERT INTO Customers VALUES (4,'ОАО Вист',7800)

INSERT INTO Customers VALUES (5,'ОАО ВЦ ИВТ',25000)

INSERT INTO Customers VALUES (6,'ЗАО Империя книг',100000)

INSERT INTO Customers VALUES (7,'ОАО МатФизКнига',50000)

INSERT INTO Customers VALUES (8,'ИП Васильев Петр Александрович',1300)

INSERT INTO Customers VALUES (9,'ОАО Проект',13000)

INSERT INTO Customers VALUES (10,'ОАО ИПРН',200)

INSERT INTO Customers VALUES (11,'ООО Евромир',500)

INSERT INTO Customers VALUES (12,'ОАО Азия-тур',36)

INSERT INTO Customers VALUES (13,'ЗАО Посейдон',780)

INSERT INTO Customers VALUES (14,'ИП Светланова Екатерина Ильинична',0)

INSERT INTO Customers VALUES (15,'ОАО Акварель',150)

INSERT INTO Customers VALUES (16,'ЗАО Гурман',250)

INSERT INTO Customers VALUES (17,'ООО Книгочей',650)

INSERT INTO Customers VALUES (18,'ЗАО Буквоед',750)

INSERT INTO Customers VALUES (19,'ОАО КнигПром',15000)

INSERT INTO Customers VALUES (20,'ЗАО ДТС',18000)

INSERT INTO Customers VALUES (21,'ИП Лукошкин Павел Борисович',5200)

INSERT INTO Customers VALUES (22,'ОАО УЦ Специалист',75000)

INSERT INTO Orders VALUES (14321944,'01.01.21 13:45:48',16,5780,0)

INSERT INTO Orders VALUES (14321992,'01.01.21 17:01:20',19,5928,5928)

INSERT INTO Orders VALUES (14321996,'01.01.21 17:15:36',20,9054,9054)

INSERT INTO Orders VALUES (14322149,'02.01.21 12:41:29',9,8273,8273)

INSERT INTO Orders VALUES (14322150,'02.01.21 12:41:42',9,4419,4419)

INSERT INTO Orders VALUES (14322169,'02.01.21 13:45:01',10,1312,1312)

INSERT INTO Orders VALUES (14322301,'02.01.21 20:06:05',4,10000,0)

INSERT INTO Orders VALUES (14322478,'03.01.21 12:25:25',1,2182,2182)

INSERT INTO Orders VALUES (14322498,'03.01.21 13:02:03',16,10370,10370)

INSERT INTO Orders VALUES (14322517,'03.01.21 13:34:18',12,1635,1635)

INSERT INTO Orders VALUES (14323062,'04.01.21 18:17:34',20,16218,16218)

INSERT INTO Orders VALUES (14323294,'05.01.21 13:18:15',7,10278,10278)

INSERT INTO Orders VALUES (14323330,'05.01.21 14:24:34',21,10620,10620)

INSERT INTO Orders VALUES (14323536,'05.01.21 23:33:00',7,12570,12570)

INSERT INTO Orders VALUES (14323832,'06.01.21 16:51:38',18,15978,15978)

INSERT INTO Orders VALUES (14323917,'06.01.21 19:31:11',10,1169,1169)

INSERT INTO Orders VALUES (14323980,'06.01.21 23:24:56',22,27610,0)

INSERT INTO Orders VALUES (14324048,'07.01.21 11:36:15',20,4242,4242)

INSERT INTO Orders VALUES (14324157,'07.01.21 17:49:31',14,2289,2289)

INSERT INTO Orders VALUES (14324206,'07.01.21 19:57:38',16,8931,8931)

INSERT INTO Orders VALUES (14324266,'07.01.21 23:18:11',21,17766,0)

INSERT INTO Orders VALUES (14324277,'07.01.21 23:49:36',4,180,180)

INSERT INTO Orders VALUES (14324325,'08.01.21 7:50:30',6,240,240)

INSERT INTO Orders VALUES (14324331,'08.01.21 8:58:49',22,6140,6140)

INSERT INTO Orders VALUES (14324476,'08.01.21 15:05:01',20,783,783)

INSERT INTO Orders VALUES (14324491,'08.01.21 15:28:35',10,2192,2192)

INSERT INTO Orders VALUES (14324671,'08.01.21 21:46:24',21,7929,7929)

INSERT INTO Orders VALUES (14324682,'08.01.21 22:11:02',5,3600,3600)

INSERT INTO Orders VALUES (14324694,'08.01.21 22:38:37',5,1400,1400)

INSERT INTO Orders VALUES (14324697,'08.01.21 22:40:20',9,39657,39657)

INSERT INTO Orders VALUES (14324884,'09.01.21 10:34:16',5,2366,2366)

INSERT INTO Orders VALUES (14325235,'09.01.21 15:20:37',19,780,780)

INSERT INTO Orders VALUES (14325547,'09.01.21 23:03:44',1,300,300)

INSERT INTO Orders VALUES (14325622,'10.01.21 7:20:57',17,3770,3770)

INSERT INTO Orders VALUES (14325725,'10.01.21 11:13:39',1,61778,61778)

INSERT INTO Orders VALUES (14325903,'10.01.21 13:46:15',2,750,750)

INSERT INTO Orders VALUES (14326132,'10.01.21 17:35:30',18,9146,9146)

INSERT INTO Orders VALUES (14326251,'10.01.21 21:33:30',20,3348,3348)

INSERT INTO Orders VALUES (14326582,'11.01.21 15:50:53',13,3210,3210)

INSERT INTO Orders VALUES (14326592,'11.01.21 16:07:52',22,5004,5004)

INSERT INTO Orders VALUES (14326684,'11.01.21 18:40:28',16,4008,4008)

INSERT INTO Orders VALUES (14326724,'11.01.21 20:30:37',13,5515,5515)

INSERT INTO Orders VALUES (14326732,'11.01.21 20:48:03',12,15588,0)

INSERT INTO Orders VALUES (14327183,'12.01.21 19:57:05',2,19832,19832)

INSERT INTO Orders VALUES (14327198,'12.01.21 20:32:55',20,12540,12540)

INSERT INTO Orders VALUES (14327214,'12.01.21 21:23:17',1,28800,28800)

INSERT INTO Orders VALUES (14327277,'13.01.21 7:06:26',2,5024,5024)

INSERT INTO Orders VALUES (14327414,'13.01.21 11:13:35',21,19789,19789)

INSERT INTO Orders VALUES (14327919,'13.01.21 19:54:15',5,5274,5274)

INSERT INTO Orders VALUES (14327966,'13.01.21 21:30:25',8,1912,0)

INSERT INTO Orders VALUES (14328002,'13.01.21 23:04:28',17,864,864)

INSERT INTO Orders VALUES (14328079,'14.01.21 8:23:21',12,3122,3122)

INSERT INTO Orders VALUES (14328201,'14.01.21 11:28:28',11,7680,7680)

INSERT INTO Orders VALUES (14328507,'14.01.21 16:24:51',4,900,900)

INSERT INTO Orders VALUES (14328590,'14.01.21 18:07:11',19,500,500)

INSERT INTO Orders VALUES (14328642,'14.01.21 19:20:27',12,1210,1210)

INSERT INTO Orders VALUES (14328763,'15.01.21 7:04:39',7,14790,0)

INSERT INTO Orders VALUES (14328764,'15.01.21 7:04:52',9,10396,10396)

INSERT INTO Orders VALUES (14328929,'15.01.21 11:35:19',4,8640,8640)

INSERT INTO Orders VALUES (14328983,'15.01.21 12:23:18',20,4592,4592)

INSERT INTO Orders VALUES (14329174,'15.01.21 15:33:58',12,4499,4499)

INSERT INTO Orders VALUES (14329410,'15.01.21 20:53:41',19,5850,5850)

INSERT INTO Orders VALUES (14329418,'15.01.21 21:25:09',5,3206,3206)

INSERT INTO Orders VALUES (14329424,'15.01.21 21:34:09',22,6642,6642)

INSERT INTO Orders VALUES (14329563,'16.01.21 10:01:33',21,20934,20934)

INSERT INTO Orders VALUES (14329569,'16.01.21 10:06:46',3,5904,5904)

INSERT INTO Orders VALUES (14329672,'16.01.21 12:24:05',13,610,610)

INSERT INTO Orders VALUES (14329904,'16.01.21 16:36:06',21,13849,13849)

INSERT INTO Orders VALUES (14330021,'16.01.21 19:03:55',19,1524,1524)

INSERT INTO Orders VALUES (14330138,'17.01.21 0:00:50',3,4968,4968)

INSERT INTO Orders VALUES (14330741,'17.01.21 22:08:53',18,1236,1236)

INSERT INTO Orders VALUES (14330752,'17.01.21 22:38:02',8,1710,1710)

INSERT INTO Orders VALUES (14330776,'17.01.21 23:16:17',1,1655,1655)

INSERT INTO Orders VALUES (14331315,'19.01.21 12:29:34',21,1600,1600)

INSERT INTO Orders VALUES (14331334,'19.01.21 13:25:18',13,34578,0)

INSERT INTO Orders VALUES (14331336,'19.01.21 13:30:33',11,1587,1587)

INSERT INTO Orders VALUES (14331632,'20.01.21 7:16:07',3,5720,5720)

INSERT INTO Orders VALUES (14331788,'20.01.21 11:19:52',20,2816,2816)

INSERT INTO Orders VALUES (14331895,'20.01.21 13:03:52',1,374,374)

INSERT INTO Orders VALUES (14332007,'20.01.21 14:54:10',12,4500,4500)

INSERT INTO Orders VALUES (14332219,'20.01.21 18:54:09',10,1062,1062)

INSERT INTO Orders VALUES (14332252,'20.01.21 20:08:43',11,19780,19780)

INSERT INTO Orders VALUES (14332272,'20.01.21 21:07:02',7,3492,3492)

INSERT INTO Orders VALUES (14332299,'20.01.21 22:14:42',14,19718,19718)

INSERT INTO Orders VALUES (14332751,'21.01.21 15:04:35',6,7884,7884)

INSERT INTO Orders VALUES (14333044,'21.01.21 21:08:28',10,24264,24264)

INSERT INTO Orders VALUES (14333592,'22.01.21 16:53:52',1,676,676)

INSERT INTO Orders VALUES (14333642,'22.01.21 17:43:05',12,10560,0)

INSERT INTO Orders VALUES (14333660,'22.01.21 18:01:33',3,1782,1782)

INSERT INTO Orders VALUES (14333723,'22.01.21 19:38:28',8,2009,2009)

INSERT INTO Orders VALUES (14333729,'22.01.21 19:52:33',9,3620,3620)

INSERT INTO Orders VALUES (14334264,'23.01.21 15:55:02',19,1787,1787)

INSERT INTO Orders VALUES (14334608,'24.01.21 8:43:51',16,10821,10821)

INSERT INTO Orders VALUES (14334649,'24.01.21 10:07:37',13,124,124)

INSERT INTO Orders VALUES (14334689,'24.01.21 10:58:35',21,5588,5588)

INSERT INTO Orders VALUES (14334720,'24.01.21 11:30:38',2,320,320)

INSERT INTO Orders VALUES (14334974,'24.01.21 16:24:03',10,1840,1840)

INSERT INTO Orders VALUES (14335079,'24.01.21 19:07:57',5,3065,3065)

INSERT INTO Orders VALUES (14335379,'25.01.21 15:58:22',14,7616,7616)

INSERT INTO Orders VALUES (14335404,'25.01.21 16:57:37',8,16300,0)

INSERT INTO Orders VALUES (14335550,'25.01.21 23:44:31',22,880,880)

INSERT INTO Orders VALUES (14335553,'26.01.21 0:01:57',20,3565,3565)

INSERT INTO Orders VALUES (14335580,'26.01.21 7:09:10',6,23409,23409)

INSERT INTO Orders VALUES (14335948,'27.01.21 7:18:52',14,2700,2700)

INSERT INTO Orders VALUES (14336231,'27.01.21 13:39:53',1,8492,8492)

INSERT INTO Orders VALUES (14336785,'28.01.21 14:14:49',11,602,602)

INSERT INTO Orders VALUES (14336952,'28.01.21 17:23:48',18,52067,52067)

INSERT INTO Orders VALUES (14337181,'29.01.21 9:20:15',19,4700,4700)

INSERT INTO Orders VALUES (14337739,'30.01.21 7:04:30',3,12348,12348)

INSERT INTO Orders VALUES (14338092,'30.01.21 15:20:39',2,78633,78633)

INSERT INTO Orders VALUES (14338432,'31.01.21 10:29:41',1,25600,25600)

INSERT INTO Orders VALUES (14338572,'31.01.21 13:29:05',3,684,684)

INSERT INTO Orders VALUES (14338763,'31.01.21 18:10:39',5,48686,0)

INSERT INTO Orders VALUES (14338808,'31.01.21 20:08:09',5,6400,6400)

INSERT INTO Orders VALUES (14338872,'31.01.21 23:45:29',18,2400,0)

INSERT INTO Orders VALUES (14338903,'01.02.21 9:17:58',7,7710,7710)

INSERT INTO Orders VALUES (14338931,'01.02.21 11:01:17',16,46303,46303)

INSERT INTO Orders VALUES (14339516,'02.02.21 21:43:49',13,1881,1881)

INSERT INTO Orders VALUES (14339683,'03.02.21 11:18:51',16,5284,5284)

INSERT INTO Orders VALUES (14339696,'03.02.21 11:26:28',21,884,884)

INSERT INTO Orders VALUES (14339708,'03.02.21 11:41:33',15,35678,35678)

INSERT INTO Orders VALUES (14339747,'03.02.21 12:16:54',4,3088,3088)

INSERT INTO Orders VALUES (14340537,'04.02.21 16:01:11',12,8355,8355)

INSERT INTO Orders VALUES (14340682,'04.02.21 20:25:13',16,211,211)

INSERT INTO Orders VALUES (14340729,'04.02.21 22:31:24',1,471,471)

INSERT INTO Orders VALUES (14340735,'04.02.21 23:04:15',17,874,874)

INSERT INTO Orders VALUES (14341098,'05.02.21 15:04:20',20,424,424)

INSERT INTO Orders VALUES (14341358,'05.02.21 22:18:32',1,300,300)

INSERT INTO Orders VALUES (14341883,'06.02.21 18:05:48',14,5188,5188)

INSERT INTO Orders VALUES (14342254,'07.02.21 13:55:44',6,1176,1176)

INSERT INTO Orders VALUES (14342282,'07.02.21 14:32:59',6,1936,0)

INSERT INTO Orders VALUES (14342669,'08.02.21 18:08:41',10,7991,7991)

INSERT INTO Orders VALUES (14342978,'09.02.21 20:22:46',18,5031,5031)

INSERT INTO Orders VALUES (14343109,'10.02.21 10:36:45',21,13360,13360)

INSERT INTO Orders VALUES (14343629,'11.02.21 9:07:23',10,4710,4710)

INSERT INTO Orders VALUES (14343854,'11.02.21 14:13:20',21,3666,3666)

INSERT INTO Orders VALUES (14344100,'11.02.21 23:55:30',20,756,756)

INSERT INTO Orders VALUES (14344523,'12.02.21 18:57:22',8,2755,2755)

INSERT INTO Orders VALUES (14344650,'13.02.21 8:24:08',10,1200,1200)

INSERT INTO Orders VALUES (14344900,'13.02.21 14:14:41',10,1130,1130)

INSERT INTO Orders VALUES (14345143,'13.02.21 23:36:00',13,6188,6188)

INSERT INTO Orders VALUES (14345211,'14.02.21 10:17:36',21,30680,30680)

INSERT INTO Orders VALUES (14345863,'15.02.21 18:09:18',14,55731,55731)

INSERT INTO Orders VALUES (14345911,'15.02.21 20:56:03',10,654,654)

INSERT INTO Orders VALUES (14346025,'16.02.21 12:57:03',5,508,0)

INSERT INTO Orders VALUES (14346151,'16.02.21 18:57:21',7,7064,7064)

INSERT INTO Orders VALUES (14346178,'16.02.21 20:42:48',17,1200,1200)

INSERT INTO Orders VALUES (14346547,'17.02.21 15:30:28',3,486,486)

INSERT INTO Orders VALUES (14347648,'19.02.21 16:02:52',11,8248,8248)

INSERT INTO Orders VALUES (14348059,'20.02.21 14:12:30',15,15669,15669)

INSERT INTO Orders VALUES (14348154,'20.02.21 15:59:00',14,10998,10998)

INSERT INTO Orders VALUES (14348380,'21.02.21 9:28:11',1,445,445)

INSERT INTO Orders VALUES (14348392,'21.02.21 9:51:19',6,3080,3080)

INSERT INTO Orders VALUES (14349113,'23.02.21 11:45:32',6,607,607)

INSERT INTO Orders VALUES (14349325,'23.02.21 20:55:16',1,1385,1385)

INSERT INTO Orders VALUES (14349663,'24.02.21 14:53:45',8,4410,4410)

INSERT INTO Orders VALUES (14350244,'25.02.21 16:38:51',22,10000,10000)

INSERT INTO Orders VALUES (14351023,'27.02.21 10:20:54',8,4218,4218)

INSERT INTO Orders VALUES (14351288,'27.02.21 16:55:22',16,275,275)

INSERT INTO Orders VALUES (14351438,'27.02.21 23:34:41',14,1088,1088)

INSERT INTO Orders VALUES (14351518,'28.02.21 10:27:34',16,40435,40435)

INSERT INTO Orders VALUES (14351534,'28.02.21 10:47:08',9,2656,2656)

INSERT INTO Orders VALUES (14351596,'28.02.21 12:20:06',14,8690,0)

INSERT INTO Orders VALUES (14352105,'01.03.21 18:18:53',13,18934,18934)

INSERT INTO Orders VALUES (14352153,'01.03.21 21:40:53',18,448,448)

INSERT INTO Orders VALUES (14352431,'03.03.21 9:16:17',21,2432,2432)

INSERT INTO Orders VALUES (14352521,'03.03.21 11:57:44',13,16524,16524)

INSERT INTO Orders VALUES (14352547,'03.03.21 12:37:32',3,8491,8491)

INSERT INTO Orders VALUES (14352642,'03.03.21 14:41:55',2,3705,3705)

INSERT INTO Orders VALUES (14352654,'03.03.21 14:51:56',10,3505,3505)

INSERT INTO Orders VALUES (14352956,'04.03.21 9:13:29',11,336,336)

INSERT INTO Orders VALUES (14352993,'04.03.21 10:15:44',14,2755,2755)

INSERT INTO Orders VALUES (14353238,'04.03.21 15:54:00',9,838,838)

INSERT INTO Orders VALUES (14353640,'05.03.21 12:50:33',22,10545,10545)

INSERT INTO Orders VALUES (14353896,'05.03.21 20:09:18',17,585,585)

INSERT INTO Orders VALUES (14353924,'05.03.21 21:13:33',1,19481,19481)

INSERT INTO Orders VALUES (14354150,'06.03.21 12:39:07',1,35027,35027)

INSERT INTO Orders VALUES (14354212,'06.03.21 14:09:41',13,6530,6530)

INSERT INTO Orders VALUES (14354226,'06.03.21 14:26:33',12,2930,2930)

INSERT INTO Orders VALUES (14355115,'09.03.21 18:12:55',2,765,765)

INSERT INTO Orders VALUES (14355159,'09.03.21 22:02:58',22,162,162)

INSERT INTO Orders VALUES (14355185,'10.03.21 7:06:38',1,10336,10336)

INSERT INTO Orders VALUES (14355663,'11.03.21 13:52:00',19,1608,1608)

INSERT INTO Orders VALUES (14355725,'11.03.21 15:27:11',1,1400,1400)

INSERT INTO Orders VALUES (14355862,'11.03.21 19:33:22',6,12412,12412)

INSERT INTO Orders VALUES (14355929,'12.03.21 7:06:41',4,6881,6881)

INSERT INTO Orders VALUES (14356180,'12.03.21 14:50:48',5,11694,11694)

INSERT INTO Orders VALUES (14356262,'12.03.21 16:56:10',8,2340,2340)

INSERT INTO Orders VALUES (14356334,'12.03.21 19:16:48',18,145,145)

INSERT INTO Orders VALUES (14356510,'13.03.21 10:39:38',19,5508,5508)

INSERT INTO Orders VALUES (14356550,'13.03.21 11:34:31',1,2597,2597)

INSERT INTO Orders VALUES (14356567,'13.03.21 11:48:39',1,21610,21610)

INSERT INTO Orders VALUES (14356728,'13.03.21 15:52:12',1,300,300)

INSERT INTO Orders VALUES (14356876,'13.03.21 21:12:39',20,6986,6986)

INSERT INTO Orders VALUES (14357252,'14.03.21 17:08:32',7,7632,7632)

INSERT INTO Orders VALUES (14357615,'15.03.21 19:13:34',14,12780,12780)

INSERT INTO Orders VALUES (14357646,'15.03.21 22:15:25',8,820,820)

INSERT INTO Orders VALUES (14357743,'16.03.21 11:47:58',20,6916,6916)

INSERT INTO Orders VALUES (14357774,'16.03.21 13:32:25',8,13685,13685)

INSERT INTO Orders VALUES (14358196,'17.03.21 13:36:34',14,880,880)

INSERT INTO Orders VALUES (14358408,'17.03.21 18:11:53',11,2520,2520)

INSERT INTO Orders VALUES (14358616,'18.03.21 10:17:13',7,2817,2817)

INSERT INTO Orders VALUES (14359034,'18.03.21 22:39:04',2,6015,6015)

INSERT INTO Orders VALUES (14359524,'19.03.21 20:43:43',7,45710,45710)

INSERT INTO Orders VALUES (14359576,'20.03.21 7:01:34',2,900,900)

INSERT INTO Orders VALUES (14359577,'20.03.21 7:01:49',2,888,888)

INSERT INTO Orders VALUES (14359876,'20.03.21 15:35:31',7,1496,1496)

INSERT INTO Orders VALUES (14359928,'20.03.21 16:42:09',14,2922,2922)

INSERT INTO Orders VALUES (14360165,'21.03.21 10:49:32',3,6225,6225)

INSERT INTO Orders VALUES (14360374,'21.03.21 16:03:08',13,1602,1602)

INSERT INTO Orders VALUES (14360555,'22.03.21 10:02:23',17,216,216)

INSERT INTO Orders VALUES (14360612,'22.03.21 13:04:00',9,951,951)

INSERT INTO Orders VALUES (14360724,'22.03.21 19:02:57',10,2990,2990)

INSERT INTO Orders VALUES (14360896,'23.03.21 13:52:27',4,9000,9000)

INSERT INTO Orders VALUES (14360917,'23.03.21 14:51:39',17,25866,0)

INSERT INTO Orders VALUES (14360957,'23.03.21 17:17:15',17,960,960)

INSERT INTO Orders VALUES (14360972,'23.03.21 17:54:05',17,5475,5475)

INSERT INTO Orders VALUES (14361104,'24.03.21 9:59:39',13,11447,11447)

INSERT INTO Orders VALUES (14361137,'24.03.21 10:36:12',3,174,174)

INSERT INTO Orders VALUES (14361142,'24.03.21 10:42:13',3,480,480)

INSERT INTO Orders VALUES (14361374,'24.03.21 15:30:25',1,226,226)

INSERT INTO Orders VALUES (14361554,'24.03.21 21:47:59',18,82600,82600)

INSERT INTO Orders VALUES (14361561,'24.03.21 21:57:33',1,6306,6306)

INSERT INTO Orders VALUES (14361839,'25.03.21 14:45:29',19,2895,2895)

INSERT INTO Orders VALUES (14361844,'25.03.21 14:48:49',4,3416,3416)

INSERT INTO Orders VALUES (14362039,'25.03.21 21:45:17',11,10536,10536)

INSERT INTO Orders VALUES (14362143,'26.03.21 9:57:37',21,7900,7900)

INSERT INTO Orders VALUES (14362164,'26.03.21 10:29:21',13,888,888)

INSERT INTO Orders VALUES (14362441,'26.03.21 16:33:31',21,712,712)

INSERT INTO Orders VALUES (14362488,'26.03.21 17:47:35',8,159,159)

INSERT INTO Orders VALUES (14362503,'26.03.21 18:09:05',9,984,984)

INSERT INTO Orders VALUES (14362576,'26.03.21 21:28:05',17,4050,4050)

INSERT INTO Orders VALUES (14362597,'26.03.21 22:26:52',17,8656,8656)

INSERT INTO Orders VALUES (14362614,'26.03.21 23:57:44',14,2508,2508)

INSERT INTO Orders VALUES (14362901,'27.03.21 14:53:12',12,776,776)

INSERT INTO Orders VALUES (14363451,'28.03.21 17:45:56',8,324,324)

INSERT INTO Orders VALUES (14363810,'29.03.21 23:24:30',3,765,765)

INSERT INTO Orders VALUES (14363815,'29.03.21 23:50:51',5,1698,1698)

INSERT INTO Orders VALUES (14364073,'30.03.21 22:03:12',15,1566,1566)

INSERT INTO Orders VALUES (14364524,'31.03.21 18:56:22',12,216,216)

INSERT INTO Orders VALUES (14364815,'01.04.21 13:05:57',19,520,520)

INSERT INTO Orders VALUES (14364828,'01.04.21 13:25:56',6,932,0)

INSERT INTO Orders VALUES (14365136,'01.04.21 23:31:29',22,2280,2280)

INSERT INTO Orders VALUES (14365259,'02.04.21 11:32:09',18,456,456)

INSERT INTO Orders VALUES (14365328,'02.04.21 12:52:52',4,7374,7374)

INSERT INTO Orders VALUES (14365598,'02.04.21 22:36:45',18,4188,4188)

INSERT INTO Orders VALUES (14365796,'03.04.21 12:19:28',13,2832,2832)

INSERT INTO Orders VALUES (14366109,'03.04.21 21:13:49',1,579,579)

INSERT INTO Orders VALUES (14366111,'03.04.21 21:34:27',1,3987,3987)

INSERT INTO Orders VALUES (14366243,'04.04.21 10:26:15',8,50878,0)

INSERT INTO Orders VALUES (14366365,'04.04.21 13:01:42',8,3010,3010)

INSERT INTO Orders VALUES (14366491,'04.04.21 15:46:33',15,747,747)

INSERT INTO Orders VALUES (14366585,'04.04.21 18:20:37',13,1700,1700)

INSERT INTO Orders VALUES (14366596,'04.04.21 19:05:38',16,5270,5270)

INSERT INTO Orders VALUES (14366936,'05.04.21 22:15:40',11,5946,5946)

INSERT INTO Orders VALUES (14367137,'06.04.21 17:19:09',6,2268,2268)

INSERT INTO Orders VALUES (14367164,'06.04.21 20:26:50',22,60,60)

INSERT INTO Orders VALUES (14367314,'07.04.21 10:57:26',6,1456,1456)

INSERT INTO Orders VALUES (14367526,'07.04.21 14:51:25',1,650,650)

INSERT INTO Orders VALUES (14367619,'07.04.21 16:47:41',6,72192,72192)

INSERT INTO Orders VALUES (14367699,'07.04.21 20:16:11',22,19745,19745)

INSERT INTO Orders VALUES (14367890,'08.04.21 10:54:20',20,164,164)

INSERT INTO Orders VALUES (14368038,'08.04.21 13:30:26',9,3437,3437)

INSERT INTO Orders VALUES (14368155,'08.04.21 16:13:43',10,5520,5520)

INSERT INTO Orders VALUES (14368156,'08.04.21 16:13:58',10,3564,3564)

INSERT INTO Orders VALUES (14368492,'09.04.21 10:51:33',3,15439,15439)

INSERT INTO Orders VALUES (14369040,'10.04.21 10:58:14',9,12089,12089)

INSERT INTO Orders VALUES (14369058,'10.04.21 11:18:39',22,9648,9648)

INSERT INTO Orders VALUES (14369093,'10.04.21 12:04:33',20,680,680)

INSERT INTO Orders VALUES (14369111,'10.04.21 12:26:44',16,180,180)

INSERT INTO Orders VALUES (14369441,'10.04.21 23:23:39',8,4655,4655)

INSERT INTO Orders VALUES (14369612,'11.04.21 11:58:10',6,3406,0)

INSERT INTO Orders VALUES (14369794,'11.04.21 15:49:58',6,2178,2178)

INSERT INTO Orders VALUES (14369925,'11.04.21 20:09:40',2,120,120)

INSERT INTO Orders VALUES (14370219,'12.04.21 23:26:59',20,880,880)

INSERT INTO Orders VALUES (14370241,'13.04.21 7:05:45',5,4808,4808)

INSERT INTO Orders VALUES (14370509,'13.04.21 23:18:04',13,3168,3168)

INSERT INTO Orders VALUES (14370545,'14.04.21 8:40:21',6,4852,4852)

INSERT INTO Orders VALUES (14371028,'14.04.21 21:57:22',20,2976,2976)

INSERT INTO Orders VALUES (14371243,'15.04.21 12:19:25',16,9304,9304)

INSERT INTO Orders VALUES (14372051,'16.04.21 19:44:55',15,30033,30033)

INSERT INTO Orders VALUES (14372062,'16.04.21 20:15:29',6,1059,1059)

INSERT INTO Orders VALUES (14372092,'16.04.21 21:46:18',17,1224,1224)

INSERT INTO Orders VALUES (14372553,'17.04.21 20:41:12',9,768,768)

INSERT INTO Orders VALUES (14372629,'18.04.21 9:05:14',22,404,404)

INSERT INTO Orders VALUES (14372689,'18.04.21 11:04:11',22,960,960)

INSERT INTO Orders VALUES (14373086,'19.04.21 13:18:16',14,1416,1416)

INSERT INTO Orders VALUES (14373199,'19.04.21 18:01:01',1,1120,1120)

INSERT INTO Orders VALUES (14373222,'19.04.21 20:06:16',9,2658,2658)

INSERT INTO Orders VALUES (14373369,'20.04.21 16:17:03',14,12352,12352)

INSERT INTO Orders VALUES (14373605,'21.04.21 10:59:46',21,10384,10384)

INSERT INTO Orders VALUES (14373861,'21.04.21 16:03:44',11,3900,3900)

INSERT INTO Orders VALUES (14374441,'22.04.21 17:30:57',5,1665,1665)

INSERT INTO Orders VALUES (14374790,'23.04.21 14:07:25',11,460,460)

INSERT INTO Orders VALUES (14375056,'24.04.21 7:02:57',15,415,415)

INSERT INTO Orders VALUES (14375218,'24.04.21 11:57:08',10,6603,6603)

INSERT INTO Orders VALUES (14375244,'24.04.21 12:18:47',21,990,990)

INSERT INTO Orders VALUES (14375317,'24.04.21 14:10:04',1,2082,2082)

INSERT INTO Orders VALUES (14375810,'25.04.21 14:28:46',20,441,441)

INSERT INTO Orders VALUES (14375983,'25.04.21 20:39:44',17,2340,0)

INSERT INTO Orders VALUES (14376100,'26.04.21 11:54:03',22,174,174)

INSERT INTO Orders VALUES (14376241,'26.04.21 19:02:48',21,455,455)

INSERT INTO Orders VALUES (14376401,'27.04.21 15:48:20',11,7344,7344)

INSERT INTO Orders VALUES (14376482,'27.04.21 21:13:59',12,161,161)

INSERT INTO Orders VALUES (14376490,'27.04.21 22:01:25',14,440,440)

INSERT INTO Orders VALUES (14376530,'28.04.21 7:43:23',13,5895,5895)

INSERT INTO Orders VALUES (14376761,'28.04.21 14:28:43',20,4563,4563)

INSERT INTO Orders VALUES (14376990,'28.04.21 21:56:13',11,2736,2736)

INSERT INTO Orders VALUES (14377269,'29.04.21 15:09:51',11,27960,27960)

INSERT INTO Orders VALUES (14377665,'30.04.21 14:14:49',17,9510,9510)

INSERT INTO Orders VALUES (14377802,'30.04.21 19:28:22',16,24106,24106)

INSERT INTO Orders VALUES (14377935,'01.05.21 18:31:40',14,1568,1568)

INSERT INTO Orders VALUES (14377977,'02.05.21 7:01:00',4,204,204)

INSERT INTO Orders VALUES (14378080,'02.05.21 18:42:40',12,64632,64632)

INSERT INTO Orders VALUES (14378347,'04.05.21 12:57:08',14,800,800)

INSERT INTO Orders VALUES (14378650,'05.05.21 12:43:36',2,2366,2366)

INSERT INTO Orders VALUES (14378755,'05.05.21 14:59:00',1,1648,1648)

INSERT INTO Orders VALUES (14379346,'06.05.21 16:15:37',13,6042,6042)

INSERT INTO Orders VALUES (14379825,'07.05.21 15:50:42',1,657,657)

INSERT INTO Orders VALUES (14380002,'07.05.21 23:41:17',5,14080,14080)

INSERT INTO Orders VALUES (14380053,'08.05.21 9:16:16',19,1378,1378)

INSERT INTO Orders VALUES (14380104,'08.05.21 11:01:44',13,770,770)

INSERT INTO Orders VALUES (14380135,'08.05.21 11:58:06',22,940,940)

INSERT INTO Orders VALUES (14380306,'08.05.21 17:35:17',22,920,920)

INSERT INTO Orders VALUES (14380369,'09.05.21 0:10:58',15,2490,2490)

INSERT INTO Orders VALUES (14380452,'09.05.21 17:05:51',8,954,954)

INSERT INTO Orders VALUES (14380472,'09.05.21 20:40:08',20,606,606)

INSERT INTO Orders VALUES (14380588,'10.05.21 16:56:24',15,1050,1050)

INSERT INTO Orders VALUES (14380745,'11.05.21 12:14:19',13,1120,1120)

INSERT INTO Orders VALUES (14380792,'11.05.21 14:29:16',10,1198,1198)

INSERT INTO Orders VALUES (14380993,'12.05.21 8:56:42',19,1008,1008)

INSERT INTO Orders VALUES (14381095,'12.05.21 11:49:19',3,1260,1260)

INSERT INTO Orders VALUES (14381531,'12.05.21 23:15:20',20,5124,0)

INSERT INTO Orders VALUES (14381590,'13.05.21 9:03:32',19,3825,3825)

INSERT INTO Orders VALUES (14382371,'14.05.21 15:29:45',1,1353,1353)

INSERT INTO Orders VALUES (14383302,'16.05.21 16:57:27',11,1251,1251)

INSERT INTO Orders VALUES (14383548,'17.05.21 16:36:05',11,31681,31681)

INSERT INTO Orders VALUES (14383706,'18.05.21 12:50:15',6,1560,1560)

INSERT INTO Orders VALUES (14383904,'19.05.21 7:02:11',4,2656,2656)

INSERT INTO Orders VALUES (14384180,'19.05.21 13:48:22',5,36183,36183)

INSERT INTO Orders VALUES (14384562,'20.05.21 11:14:33',4,2247,2247)

INSERT INTO Orders VALUES (14384603,'20.05.21 12:09:51',15,46648,46648)

INSERT INTO Orders VALUES (14384792,'20.05.21 16:40:48',15,1203,1203)

INSERT INTO Orders VALUES (14384891,'20.05.21 20:39:11',20,282,282)

INSERT INTO Orders VALUES (14385172,'21.05.21 13:01:47',15,2450,2450)

INSERT INTO Orders VALUES (14385724,'22.05.21 14:47:35',15,1500,1500)

INSERT INTO Orders VALUES (14386597,'25.05.21 7:01:25',17,19981,19981)

INSERT INTO Orders VALUES (14386692,'25.05.21 14:43:53',11,3759,3759)

INSERT INTO Orders VALUES (14386831,'26.05.21 10:15:46',6,5095,5095)

INSERT INTO Orders VALUES (14387271,'26.05.21 23:16:00',9,2106,2106)

INSERT INTO Orders VALUES (14388245,'28.05.21 19:01:31',17,21878,21878)

INSERT INTO Orders VALUES (14388374,'29.05.21 9:45:47',1,2676,2676)

INSERT INTO Orders VALUES (14388491,'29.05.21 13:10:36',20,29457,29457)

INSERT INTO Orders VALUES (14388673,'29.05.21 18:12:32',15,6894,6894)

INSERT INTO Orders VALUES (14388688,'29.05.21 18:55:23',13,1200,1200)

INSERT INTO Orders VALUES (14388759,'29.05.21 22:37:45',5,2624,0)

INSERT INTO Orders VALUES (14388761,'29.05.21 22:42:03',13,4400,4400)

INSERT INTO Orders VALUES (14388777,'29.05.21 23:35:08',10,27549,27549)

INSERT INTO Orders VALUES (14389006,'30.05.21 13:56:12',13,11412,11412)

INSERT INTO Orders VALUES (14389204,'30.05.21 20:32:17',12,1693,1693)

INSERT INTO Orders VALUES (14389339,'31.05.21 13:26:17',11,665,665)

INSERT INTO Orders VALUES (14389482,'01.06.21 7:04:11',13,3225,3225)

INSERT INTO Orders VALUES (14389627,'01.06.21 16:30:30',9,13944,13944)

INSERT INTO Orders VALUES (14390315,'03.06.21 11:44:44',3,7625,7625)

INSERT INTO Orders VALUES (14390620,'03.06.21 18:24:35',7,1468,1468)

INSERT INTO Orders VALUES (14390724,'04.06.21 7:01:36',3,25188,25188)

INSERT INTO Orders VALUES (14390773,'04.06.21 9:49:57',12,664,664)

INSERT INTO Orders VALUES (14390876,'04.06.21 12:07:35',10,4578,4578)

INSERT INTO Orders VALUES (14391050,'04.06.21 15:46:04',4,1680,1680)

INSERT INTO Orders VALUES (14391092,'04.06.21 16:55:55',18,1760,1760)

INSERT INTO Orders VALUES (14391132,'04.06.21 17:52:31',5,636,636)

INSERT INTO Orders VALUES (14391138,'04.06.21 17:59:15',5,43389,43389)

INSERT INTO Orders VALUES (14391180,'04.06.21 19:31:29',19,1070,1070)

INSERT INTO Orders VALUES (14391510,'05.06.21 14:27:27',10,1468,1468)

INSERT INTO Orders VALUES (14391658,'05.06.21 17:57:03',15,19650,19650)

INSERT INTO Orders VALUES (14391687,'05.06.21 19:27:31',8,2052,2052)

INSERT INTO Orders VALUES (14392050,'06.06.21 16:06:37',7,3120,3120)

INSERT INTO Orders VALUES (14392330,'07.06.21 16:40:42',2,570,570)

INSERT INTO Orders VALUES (14392554,'08.06.21 14:55:50',17,1424,1424)

INSERT INTO Orders VALUES (14393031,'09.06.21 15:53:37',4,1797,1797)

INSERT INTO Orders VALUES (14393308,'10.06.21 9:43:31',2,8138,8138)

INSERT INTO Orders VALUES (14393700,'10.06.21 21:40:04',16,1764,0)

INSERT INTO Orders VALUES (14393848,'11.06.21 11:26:16',8,3612,3612)

INSERT INTO Orders VALUES (14394706,'15.06.21 0:04:10',10,8204,8204)

INSERT INTO Orders VALUES (14394996,'15.06.21 23:38:30',14,519,519)

INSERT INTO Orders VALUES (14395298,'16.06.21 14:23:46',19,18199,18199)

INSERT INTO Orders VALUES (14395337,'16.06.21 15:16:57',11,24160,24160)

INSERT INTO Orders VALUES (14395572,'16.06.21 22:52:57',7,40114,40114)

INSERT INTO Orders VALUES (14396222,'18.06.21 12:27:16',22,5061,5061)

INSERT INTO Orders VALUES (14396316,'18.06.21 14:46:56',22,1400,1400)

INSERT INTO Orders VALUES (14396504,'18.06.21 22:54:02',5,6488,6488)

INSERT INTO Orders VALUES (14396796,'19.06.21 15:59:42',6,17016,17016)

INSERT INTO Orders VALUES (14396937,'19.06.21 21:14:56',8,40766,40766)

INSERT INTO Orders VALUES (14397511,'21.06.21 16:24:56',15,10144,10144)

INSERT INTO Orders VALUES (14397568,'21.06.21 20:08:48',4,1476,1476)

INSERT INTO Orders VALUES (14397856,'23.06.21 7:02:44',2,305,305)

INSERT INTO Orders VALUES (14398096,'23.06.21 14:36:08',9,3260,3260)

INSERT INTO Orders VALUES (14398379,'24.06.21 9:22:20',6,4984,4984)

INSERT INTO Orders VALUES (14398744,'24.06.21 19:36:06',21,3987,3987)

INSERT INTO Orders VALUES (14398788,'24.06.21 22:32:31',10,33619,33619)

INSERT INTO Orders VALUES (14399124,'25.06.21 16:16:37',19,212,212)

INSERT INTO Orders VALUES (14399522,'26.06.21 13:12:48',17,2880,2880)

INSERT INTO Orders VALUES (14399766,'26.06.21 21:55:12',10,2340,2340)

INSERT INTO Orders VALUES (14400532,'29.06.21 12:59:14',16,8578,0)

INSERT INTO Orders VALUES (14400627,'29.06.21 18:35:18',2,14021,14021)

INSERT INTO Orders VALUES (14400630,'29.06.21 19:02:57',18,640,640)

INSERT INTO Orders VALUES (14400636,'29.06.21 19:20:11',18,3348,3348)

INSERT INTO Orders VALUES (14400907,'30.06.21 12:57:24',5,45575,45575)

INSERT INTO Orders VALUES (14401181,'30.06.21 21:36:31',9,3002,3002)

INSERT INTO Orders VALUES (14401595,'01.07.21 17:14:59',11,580,580)

INSERT INTO Orders VALUES (14401779,'02.07.21 10:11:22',2,1120,1120)

INSERT INTO Orders VALUES (14401786,'02.07.21 10:24:43',7,622,622)

INSERT INTO Orders VALUES (14402011,'02.07.21 16:20:32',15,29100,29100)

INSERT INTO Orders VALUES (14402280,'03.07.21 11:43:29',10,62,62)

INSERT INTO Orders VALUES (14402393,'03.07.21 14:19:13',22,6852,6852)

INSERT INTO Orders VALUES (14402541,'03.07.21 17:35:28',10,1878,1878)

INSERT INTO Orders VALUES (14402638,'03.07.21 22:52:30',2,2498,2498)

INSERT INTO Orders VALUES (14402676,'04.07.21 8:50:46',10,4683,4683)

INSERT INTO Orders VALUES (14403575,'07.07.21 11:24:38',10,1450,1450)

INSERT INTO Orders VALUES (14404197,'08.07.21 15:21:25',12,500,500)

INSERT INTO Orders VALUES (14405111,'10.07.21 14:37:23',5,4808,4808)

INSERT INTO Orders VALUES (14405162,'10.07.21 15:38:17',20,14000,14000)

INSERT INTO Orders VALUES (14405212,'10.07.21 17:05:28',4,50186,50186)

INSERT INTO Orders VALUES (14405899,'12.07.21 13:59:16',18,2740,2740)

INSERT INTO Orders VALUES (14406309,'14.07.21 9:58:24',8,2232,2232)

INSERT INTO Orders VALUES (14406558,'14.07.21 16:33:23',3,648,648)

INSERT INTO Orders VALUES (14407372,'16.07.21 13:01:49',3,2300,2300)

INSERT INTO Orders VALUES (14407472,'16.07.21 15:00:00',19,4085,4085)

INSERT INTO Orders VALUES (14407579,'16.07.21 17:58:25',5,3074,3074)

INSERT INTO Orders VALUES (14407747,'17.07.21 10:17:01',7,380,380)

INSERT INTO Orders VALUES (14407831,'17.07.21 12:27:42',15,500,500)

INSERT INTO Orders VALUES (14407906,'17.07.21 14:02:32',19,271,271)

INSERT INTO Orders VALUES (14408130,'17.07.21 23:27:13',1,15190,15190)

INSERT INTO Orders VALUES (14408332,'18.07.21 13:55:48',10,6979,0)

INSERT INTO Orders VALUES (14408770,'20.07.21 7:03:53',1,1800,1800)

INSERT INTO Orders VALUES (14408894,'20.07.21 17:32:28',20,5654,5654)

INSERT INTO Orders VALUES (14408896,'20.07.21 17:41:12',12,1463,1463)

INSERT INTO Orders VALUES (14409432,'21.07.21 20:16:30',2,354,354)

INSERT INTO Orders VALUES (14409460,'21.07.21 22:25:44',15,72544,72544)

INSERT INTO Orders VALUES (14409624,'22.07.21 11:48:24',7,5289,5289)

INSERT INTO Orders VALUES (14409704,'22.07.21 13:50:43',20,656,656)

INSERT INTO Orders VALUES (14410843,'25.07.21 8:54:26',10,25111,25111)

INSERT INTO Orders VALUES (14410870,'25.07.21 10:06:01',10,8943,8943)

INSERT INTO Orders VALUES (14411096,'25.07.21 17:02:14',15,2472,2472)

INSERT INTO Orders VALUES (14411353,'26.07.21 21:48:42',16,580,580)

INSERT INTO Orders VALUES (14411537,'27.07.21 19:12:40',3,40565,40565)

INSERT INTO Orders VALUES (14412145,'29.07.21 10:12:11',11,5544,5544)

INSERT INTO Orders VALUES (14412274,'29.07.21 13:00:24',22,3429,3429)

INSERT INTO Orders VALUES (14412835,'30.07.21 15:55:55',10,337,337)

INSERT INTO Orders VALUES (14412939,'30.07.21 20:07:37',3,100000,100000)

INSERT INTO Orders VALUES (14412996,'31.07.21 7:01:23',10,2186,2186)

INSERT INTO Orders VALUES (14413195,'31.07.21 13:36:29',10,1165,1165)

INSERT INTO Orders VALUES (14413322,'31.07.21 17:03:50',16,900,900)

INSERT INTO Orders VALUES (14413397,'31.07.21 21:10:02',21,2632,2632)

INSERT INTO Orders VALUES (14413406,'31.07.21 22:44:54',10,90198,90198)

INSERT INTO Orders VALUES (14413445,'01.08.21 8:54:26',10,5376,5376)

INSERT INTO Orders VALUES (14413798,'02.08.21 7:01:37',5,47649,47649)

INSERT INTO Orders VALUES (14414086,'03.08.21 15:38:37',9,130655,130655)

INSERT INTO Orders VALUES (14414178,'04.08.21 7:02:41',18,611,611)

INSERT INTO Orders VALUES (14414496,'04.08.21 15:52:44',11,66,0)

INSERT INTO Orders VALUES (14414587,'04.08.21 19:09:25',12,392,392)

INSERT INTO Orders VALUES (14414724,'05.08.21 11:01:19',5,13190,13190)

INSERT INTO Orders VALUES (14414740,'05.08.21 11:22:56',13,4512,4512)

INSERT INTO Orders VALUES (14415082,'06.08.21 7:02:21',13,12168,12168)

INSERT INTO Orders VALUES (14415279,'06.08.21 13:44:47',4,5888,5888)

INSERT INTO Orders VALUES (14415712,'07.08.21 13:52:57',3,868,868)

INSERT INTO Orders VALUES (14415727,'07.08.21 14:16:18',10,1280,1280)

INSERT INTO Orders VALUES (14416021,'08.08.21 10:30:29',4,12368,12368)

INSERT INTO Orders VALUES (14416062,'08.08.21 11:38:45',17,1084,1084)

INSERT INTO Orders VALUES (14416345,'08.08.21 22:02:05',3,1485,1485)

INSERT INTO Orders VALUES (14416913,'11.08.21 10:16:31',14,75335,75335)

INSERT INTO Orders VALUES (14417048,'11.08.21 12:34:19',12,310,310)

INSERT INTO Orders VALUES (14417392,'12.08.21 7:01:41',18,16164,16164)

INSERT INTO Orders VALUES (14417423,'12.08.21 9:07:53',10,416,416)

INSERT INTO Orders VALUES (14417700,'12.08.21 15:21:29',20,17830,17830)

INSERT INTO Orders VALUES (14417743,'12.08.21 16:36:16',17,1892,1892)

INSERT INTO Orders VALUES (14417849,'12.08.21 20:39:34',2,17523,17523)

INSERT INTO Orders VALUES (14417993,'13.08.21 10:26:45',12,5442,5442)

INSERT INTO Orders VALUES (14417994,'13.08.21 10:27:03',12,25695,25695)

INSERT INTO Orders VALUES (14418354,'13.08.21 20:33:36',18,18385,18385)

INSERT INTO Orders VALUES (14418848,'14.08.21 21:12:12',13,19530,19530)

INSERT INTO Orders VALUES (14418865,'14.08.21 22:22:43',6,4716,4716)

INSERT INTO Orders VALUES (14419012,'15.08.21 11:53:43',19,2952,2952)

INSERT INTO Orders VALUES (14419079,'15.08.21 13:38:35',10,6774,6774)

INSERT INTO Orders VALUES (14419330,'16.08.21 8:49:18',7,174,174)

INSERT INTO Orders VALUES (14419608,'17.08.21 13:47:34',17,4756,4756)

INSERT INTO Orders VALUES (14419764,'18.08.21 7:02:10',19,9000,9000)

INSERT INTO Orders VALUES (14420130,'18.08.21 15:43:17',8,3753,3753)

INSERT INTO Orders VALUES (14420414,'19.08.21 10:47:16',6,642,642)

INSERT INTO Orders VALUES (14420824,'19.08.21 21:49:49',19,3484,0)

INSERT INTO Orders VALUES (14420849,'19.08.21 23:17:17',8,995,995)

INSERT INTO Orders VALUES (14421069,'20.08.21 13:04:34',20,1455,1455)

INSERT INTO Orders VALUES (14421383,'21.08.21 7:00:50',16,13806,13806)

INSERT INTO Orders VALUES (14421393,'21.08.21 7:04:29',19,5466,5466)

INSERT INTO Orders VALUES (14421409,'21.08.21 8:38:26',11,2626,2626)

INSERT INTO Orders VALUES (14421713,'21.08.21 16:31:26',13,18468,18468)

INSERT INTO Orders VALUES (14421773,'21.08.21 17:53:40',15,2802,2802)

INSERT INTO Orders VALUES (14422119,'22.08.21 15:29:09',10,1746,1746)

INSERT INTO Orders VALUES (14422373,'23.08.21 13:25:52',1,2289,2289)

INSERT INTO Orders VALUES (14422625,'24.08.21 13:42:34',10,1000,1000)

INSERT INTO Orders VALUES (14422876,'25.08.21 10:32:16',12,7124,7124)

INSERT INTO Orders VALUES (14423161,'25.08.21 17:44:47',12,2516,2516)

INSERT INTO Orders VALUES (14423204,'25.08.21 19:13:28',16,23072,23072)

INSERT INTO Orders VALUES (14423251,'25.08.21 21:24:13',14,4508,4508)

INSERT INTO Orders VALUES (14423521,'26.08.21 13:47:36',12,2279,2279)

INSERT INTO Orders VALUES (14423760,'26.08.21 22:09:00',18,4923,4923)

INSERT INTO Orders VALUES (14424008,'27.08.21 12:55:45',18,794,794)

INSERT INTO Orders VALUES (14424255,'27.08.21 18:34:22',3,400,400)

INSERT INTO Orders VALUES (14424352,'27.08.21 23:11:52',10,21552,21552)

INSERT INTO Orders VALUES (14424525,'28.08.21 12:36:46',12,928,928)

INSERT INTO Orders VALUES (14424544,'28.08.21 13:05:00',19,2006,2006)

INSERT INTO Orders VALUES (14424778,'28.08.21 19:05:36',18,22887,22887)

INSERT INTO Orders VALUES (14424883,'29.08.21 7:10:41',7,9600,9600)

INSERT INTO Orders VALUES (14425109,'29.08.21 14:23:10',12,2890,2890)

INSERT INTO Orders VALUES (14426279,'01.09.21 16:36:38',6,972,972)

INSERT INTO Orders VALUES (14426451,'01.09.21 23:29:11',7,4800,4800)

INSERT INTO Orders VALUES (14426459,'02.09.21 7:01:23',5,2593,2593)

INSERT INTO Orders VALUES (14426635,'02.09.21 12:01:33',5,5416,5416)

INSERT INTO Orders VALUES (14426909,'02.09.21 18:06:20',4,7334,7334)

INSERT INTO Orders VALUES (14427888,'04.09.21 15:27:04',9,265,265)

INSERT INTO Orders VALUES (14429093,'08.09.21 10:15:20',9,3522,0)

INSERT INTO Orders VALUES (14429198,'08.09.21 12:14:37',1,23390,23390)

INSERT INTO Orders VALUES (14429375,'08.09.21 16:09:50',8,15912,15912)

INSERT INTO Orders VALUES (14429554,'09.09.21 7:01:34',10,23786,23786)

INSERT INTO Orders VALUES (14429557,'09.09.21 7:02:38',20,16408,16408)

INSERT INTO Orders VALUES (14429613,'09.09.21 9:46:32',22,7074,7074)

INSERT INTO Orders VALUES (14430554,'10.09.21 16:40:28',7,2135,2135)

INSERT INTO Orders VALUES (14430559,'10.09.21 16:45:23',6,6662,6662)

INSERT INTO Orders VALUES (14430587,'10.09.21 17:16:04',8,616,616)

INSERT INTO Orders VALUES (14430626,'10.09.21 18:27:35',1,564,564)

INSERT INTO Orders VALUES (14430704,'10.09.21 23:18:17',10,1380,1380)

INSERT INTO Orders VALUES (14430979,'11.09.21 14:06:27',22,324,324)

INSERT INTO Orders VALUES (14431004,'11.09.21 14:50:37',19,1530,1530)

INSERT INTO Orders VALUES (14431088,'11.09.21 16:40:18',15,880,880)

INSERT INTO Orders VALUES (14431144,'11.09.21 18:08:53',6,4990,4990)

INSERT INTO Orders VALUES (14431148,'11.09.21 18:15:29',17,770,770)

INSERT INTO Orders VALUES (14431289,'12.09.21 8:44:49',10,560,560)

INSERT INTO Orders VALUES (14431622,'12.09.21 17:43:58',18,2144,2144)

INSERT INTO Orders VALUES (14432119,'14.09.21 18:17:06',4,3520,3520)

INSERT INTO Orders VALUES (14432207,'15.09.21 7:06:16',19,707,707)

INSERT INTO Orders VALUES (14432221,'15.09.21 8:27:04',17,270,270)

INSERT INTO Orders VALUES (14432354,'15.09.21 12:02:41',17,11250,11250)

INSERT INTO Orders VALUES (14432460,'15.09.21 14:26:33',18,11103,11103)

INSERT INTO Orders VALUES (14432494,'15.09.21 15:19:33',11,2350,2350)

INSERT INTO Orders VALUES (14432637,'15.09.21 18:49:58',5,19215,19215)

INSERT INTO Orders VALUES (14432744,'16.09.21 8:56:55',9,2570,2570)

INSERT INTO Orders VALUES (14432773,'16.09.21 9:42:30',11,1452,1452)

INSERT INTO Orders VALUES (14433083,'16.09.21 16:24:39',9,552,552)

INSERT INTO Orders VALUES (14433463,'17.09.21 13:40:31',12,10517,0)

INSERT INTO Orders VALUES (14434086,'18.09.21 18:10:17',5,3522,3522)

INSERT INTO Orders VALUES (14434385,'19.09.21 13:24:30',15,12496,12496)

INSERT INTO Orders VALUES (14434833,'20.09.21 21:45:29',2,12802,12802)

INSERT INTO Orders VALUES (14434885,'21.09.21 10:19:29',11,450,0)

INSERT INTO Orders VALUES (14435014,'21.09.21 16:26:41',7,33782,33782)

INSERT INTO Orders VALUES (14435788,'23.09.21 10:44:57',1,10620,10620)

INSERT INTO Orders VALUES (14435836,'23.09.21 11:40:59',4,18725,18725)

INSERT INTO Orders VALUES (14436096,'23.09.21 17:48:37',21,264,264)

INSERT INTO Orders VALUES (14436348,'24.09.21 11:38:38',7,411,411)

INSERT INTO Orders VALUES (14436747,'24.09.21 23:45:37',19,474,474)

INSERT INTO Orders VALUES (14437115,'25.09.21 16:25:58',10,37160,37160)

INSERT INTO Orders VALUES (14437324,'26.09.21 9:42:09',7,7497,7497)

INSERT INTO Orders VALUES (14437706,'26.09.21 21:41:33',13,1892,1892)

INSERT INTO Orders VALUES (14437765,'27.09.21 10:11:31',8,14920,14920)

INSERT INTO Orders VALUES (14438433,'29.09.21 13:47:38',18,26836,26836)

INSERT INTO Orders VALUES (14439251,'30.09.21 22:29:23',11,20952,20952)

INSERT INTO Orders VALUES (14439293,'01.10.21 8:42:16',4,2800,2800)

INSERT INTO Orders VALUES (14439530,'01.10.21 14:23:40',4,3802,3802)

INSERT INTO Orders VALUES (14439844,'02.10.21 8:49:14',5,2040,2040)

INSERT INTO Orders VALUES (14439895,'02.10.21 10:20:36',5,1754,1754)

INSERT INTO Orders VALUES (14440050,'02.10.21 13:05:11',21,2628,2628)

INSERT INTO Orders VALUES (14440059,'02.10.21 13:17:25',11,3944,3944)

INSERT INTO Orders VALUES (14440545,'03.10.21 13:12:11',21,1512,1512)

INSERT INTO Orders VALUES (14440957,'04.10.21 16:24:12',15,3039,3039)

INSERT INTO Orders VALUES (14440995,'04.10.21 17:47:48',5,1626,1626)

INSERT INTO Orders VALUES (14441366,'06.10.21 7:04:45',1,555,555)

INSERT INTO Orders VALUES (14441589,'06.10.21 13:16:10',17,330,330)

INSERT INTO Orders VALUES (14441657,'06.10.21 14:34:22',7,896,896)

INSERT INTO Orders VALUES (14442100,'07.10.21 11:18:00',6,19650,19650)

INSERT INTO Orders VALUES (14442116,'07.10.21 11:33:50',6,4266,4266)

INSERT INTO Orders VALUES (14442339,'07.10.21 16:43:00',3,16218,16218)

INSERT INTO Orders VALUES (14442539,'08.10.21 9:00:42',15,23835,23835)

INSERT INTO Orders VALUES (14443820,'10.10.21 13:34:09',3,23742,23742)

INSERT INTO Orders VALUES (14443948,'10.10.21 17:17:51',20,630,630)

INSERT INTO Orders VALUES (14444065,'11.10.21 7:03:41',11,4487,4487)

INSERT INTO Orders VALUES (14444127,'11.10.21 12:51:49',11,73959,73959)

INSERT INTO Orders VALUES (14444805,'13.10.21 15:08:53',20,560,560)

INSERT INTO Orders VALUES (14444865,'13.10.21 16:21:47',8,806,806)

INSERT INTO Orders VALUES (14445112,'14.10.21 9:45:28',18,12303,12303)

INSERT INTO Orders VALUES (14445598,'14.10.21 23:27:08',20,70253,70253)

INSERT INTO Orders VALUES (14445845,'15.10.21 14:13:36',13,13105,13105)

INSERT INTO Orders VALUES (14446022,'15.10.21 19:11:15',20,720,720)

INSERT INTO Orders VALUES (14446293,'16.10.21 13:19:14',2,13150,13150)

INSERT INTO Orders VALUES (14446315,'16.10.21 13:53:05',13,44463,44463)

INSERT INTO Orders VALUES (14446342,'16.10.21 14:37:26',5,333,333)

INSERT INTO Orders VALUES (14446854,'17.10.21 15:26:48',16,1700,1700)

INSERT INTO Orders VALUES (14447465,'20.10.21 9:41:13',12,972,972)

INSERT INTO Orders VALUES (14447475,'20.10.21 9:53:34',17,522,522)

INSERT INTO Orders VALUES (14447478,'20.10.21 9:56:24',2,1265,1265)

INSERT INTO Orders VALUES (14447506,'20.10.21 10:49:29',19,4140,4140)

INSERT INTO Orders VALUES (14449237,'23.10.21 16:21:44',3,1305,1305)

INSERT INTO Orders VALUES (14449266,'23.10.21 17:02:38',19,1821,0)

INSERT INTO Orders VALUES (14449381,'23.10.21 23:37:01',11,163,163)

INSERT INTO Orders VALUES (14449399,'24.10.21 7:05:09',17,13321,13321)

INSERT INTO Orders VALUES (14449446,'24.10.21 9:42:36',17,9360,9360)

INSERT INTO Orders VALUES (14450110,'26.10.21 14:01:09',3,4448,4448)

INSERT INTO Orders VALUES (14450698,'27.10.21 20:03:39',21,1734,1734)

INSERT INTO Orders VALUES (14450730,'27.10.21 22:05:01',1,340,340)

INSERT INTO Orders VALUES (14451204,'28.10.21 21:36:18',20,6820,6820)

INSERT INTO Orders VALUES (14451283,'29.10.21 9:24:48',11,2160,2160)

INSERT INTO Orders VALUES (14451369,'29.10.21 11:23:47',19,1090,1090)

INSERT INTO Orders VALUES (14451565,'29.10.21 15:54:18',19,3600,3600)

INSERT INTO Orders VALUES (14451693,'29.10.21 23:44:55',11,4554,4554)

INSERT INTO Orders VALUES (14452009,'30.10.21 16:43:18',11,31542,31542)

INSERT INTO Orders VALUES (14452611,'01.11.21 18:11:09',4,10395,10395)

INSERT INTO Orders VALUES (14452649,'01.11.21 21:53:26',16,102,102)

INSERT INTO Orders VALUES (14452732,'02.11.21 12:29:24',10,3280,3280)

INSERT INTO Orders VALUES (14452950,'03.11.21 13:48:01',8,246,246)

INSERT INTO Orders VALUES (14453041,'03.11.21 19:26:01',21,9280,9280)

INSERT INTO Orders VALUES (14453102,'04.11.21 9:34:57',17,3060,3060)

INSERT INTO Orders VALUES (14453216,'04.11.21 17:03:07',7,15700,15700)

INSERT INTO Orders VALUES (14453279,'04.11.21 21:46:28',20,6125,6125)

INSERT INTO Orders VALUES (14453910,'06.11.21 11:36:10',5,37117,37117)

INSERT INTO Orders VALUES (14454575,'07.11.21 18:13:51',16,1206,1206)

INSERT INTO Orders VALUES (14454626,'07.11.21 21:56:01',8,30329,30329)

INSERT INTO Orders VALUES (14455008,'09.11.21 14:58:07',8,17704,17704)

INSERT INTO Orders VALUES (14455919,'11.11.21 14:59:18',1,3984,3984)

INSERT INTO Orders VALUES (14456805,'13.11.21 12:42:59',10,50550,50550)

INSERT INTO Orders VALUES (14457470,'14.11.21 18:06:21',14,496,496)

INSERT INTO Orders VALUES (14457509,'14.11.21 20:31:50',5,4320,4320)

INSERT INTO Orders VALUES (14457823,'16.11.21 7:05:25',16,646,0)

INSERT INTO Orders VALUES (14458067,'17.11.21 8:53:08',8,1352,1352)

INSERT INTO Orders VALUES (14458363,'17.11.21 15:46:40',7,850,850)

INSERT INTO Orders VALUES (14458551,'17.11.21 22:43:05',2,2480,2480)

INSERT INTO Orders VALUES (14459322,'19.11.21 14:02:28',18,3960,3960)

INSERT INTO Orders VALUES (14459332,'19.11.21 14:08:29',1,1935,1935)

INSERT INTO Orders VALUES (14459777,'20.11.21 12:37:14',18,3015,3015)

INSERT INTO Orders VALUES (14460689,'22.11.21 19:17:49',15,8072,8072)

INSERT INTO Orders VALUES (14460871,'23.11.21 17:01:48',15,8240,8240)

INSERT INTO Orders VALUES (14460886,'23.11.21 18:00:08',21,3366,3366)

INSERT INTO Orders VALUES (14460896,'23.11.21 18:41:27',5,2395,2395)

INSERT INTO Orders VALUES (14461563,'25.11.21 10:33:43',15,56,56)

INSERT INTO Orders VALUES (14462072,'26.11.21 9:18:17',15,4340,4340)

INSERT INTO Orders VALUES (14462076,'26.11.21 9:28:57',15,476,476)

INSERT INTO Orders VALUES (14462410,'26.11.21 16:59:13',22,1855,1855)

INSERT INTO Orders VALUES (14462538,'26.11.21 22:16:35',17,1757,1757)

INSERT INTO Orders VALUES (14463484,'28.11.21 23:50:58',22,843,843)

INSERT INTO Orders VALUES (14463708,'29.11.21 22:04:18',3,295,295)

INSERT INTO Orders VALUES (14463780,'30.11.21 12:28:42',19,4158,4158)

INSERT INTO Orders VALUES (14464692,'02.12.21 13:45:10',9,13941,13941)

INSERT INTO Orders VALUES (14464850,'02.12.21 17:31:12',17,145,145)

INSERT INTO Orders VALUES (14465249,'03.12.21 14:46:12',11,285,285)

INSERT INTO Orders VALUES (14465458,'03.12.21 22:33:38',22,20796,20796)

INSERT INTO Orders VALUES (14465547,'04.12.21 10:20:10',1,560,0)

INSERT INTO Orders VALUES (14465625,'04.12.21 12:20:11',15,791,791)

INSERT INTO Orders VALUES (14465895,'04.12.21 20:04:26',18,828,828)

INSERT INTO Orders VALUES (14465900,'04.12.21 20:11:50',22,14210,14210)

INSERT INTO Orders VALUES (14466007,'05.12.21 8:43:15',6,2163,2163)

INSERT INTO Orders VALUES (14466330,'05.12.21 16:53:41',15,1062,1062)

INSERT INTO Orders VALUES (14466461,'08.12.21 8:59:58',6,1180,1180)

INSERT INTO Orders VALUES (14466829,'08.12.21 15:26:38',20,1248,1248)

INSERT INTO Orders VALUES (14467021,'08.12.21 19:52:27',15,2424,0)

INSERT INTO Orders_data VALUES (14321944,1,40,6,0,850)

INSERT INTO Orders_data VALUES (14321944,2,13,2,0,340)

INSERT INTO Orders_data VALUES (14321992,1,42,6,6,988)

INSERT INTO Orders_data VALUES (14321996,1,54,4,4,1711)

INSERT INTO Orders_data VALUES (14321996,2,7,10,10,221)

INSERT INTO Orders_data VALUES (14322149,1,10,6,6,309)

INSERT INTO Orders_data VALUES (14322149,2,41,7,7,917)

INSERT INTO Orders_data VALUES (14322150,1,7,9,9,197)

INSERT INTO Orders_data VALUES (14322150,2,12,9,9,294)

INSERT INTO Orders_data VALUES (14322169,1,4,8,8,164)

INSERT INTO Orders_data VALUES (14322301,1,57,4,4,2500)

INSERT INTO Orders_data VALUES (14322478,1,44,2,2,1091)

INSERT INTO Orders_data VALUES (14322498,1,40,10,10,881)

INSERT INTO Orders_data VALUES (14322498,2,3,4,4,96)

INSERT INTO Orders_data VALUES (14322498,3,5,8,8,147)

INSERT INTO Orders_data VALUES (14322517,1,14,5,5,327)

INSERT INTO Orders_data VALUES (14323062,1,56,6,6,2703)

INSERT INTO Orders_data VALUES (14323294,1,45,9,9,1142)

INSERT INTO Orders_data VALUES (14323330,1,43,10,10,1062)

INSERT INTO Orders_data VALUES (14323536,1,46,10,10,1257)

INSERT INTO Orders_data VALUES (14323832,1,44,8,8,1201)

INSERT INTO Orders_data VALUES (14323832,2,32,10,10,637)

INSERT INTO Orders_data VALUES (14323917,1,6,7,7,167)

INSERT INTO Orders_data VALUES (14323980,1,55,10,10,2761)

INSERT INTO Orders_data VALUES (14324048,1,27,7,7,606)

INSERT INTO Orders_data VALUES (14324157,1,11,7,7,327)

INSERT INTO Orders_data VALUES (14324206,1,57,3,3,2977)

INSERT INTO Orders_data VALUES (14324266,1,51,9,9,1974)

INSERT INTO Orders_data VALUES (14324277,1,1,3,3,60)

INSERT INTO Orders_data VALUES (14324325,1,2,3,3,80)

INSERT INTO Orders_data VALUES (14324331,1,47,1,1,1138)

INSERT INTO Orders_data VALUES (14324331,2,22,6,6,458)

INSERT INTO Orders_data VALUES (14324331,3,8,9,9,216)

INSERT INTO Orders_data VALUES (14324331,4,2,5,5,62)

INSERT INTO Orders_data VALUES (14324476,1,9,3,3,261)

INSERT INTO Orders_data VALUES (14324491,1,15,6,0,295)

INSERT INTO Orders_data VALUES (14324491,2,21,2,0,211)

INSERT INTO Orders_data VALUES (14324671,1,53,3,3,2003)

INSERT INTO Orders_data VALUES (14324671,2,16,8,8,240)

INSERT INTO Orders_data VALUES (14324682,1,17,9,9,400)

INSERT INTO Orders_data VALUES (14324694,1,33,2,2,700)

INSERT INTO Orders_data VALUES (14324697,1,46,9,9,2879)

INSERT INTO Orders_data VALUES (14324697,2,47,3,3,4582)

INSERT INTO Orders_data VALUES (14324884,1,7,7,7,338)

INSERT INTO Orders_data VALUES (14325235,1,8,3,3,260)

INSERT INTO Orders_data VALUES (14325547,1,1,6,6,50)

INSERT INTO Orders_data VALUES (14325622,1,9,10,10,377)

INSERT INTO Orders_data VALUES (14325725,1,34,10,10,2000)

INSERT INTO Orders_data VALUES (14325725,2,45,5,5,1320)

INSERT INTO Orders_data VALUES (14325725,3,17,1,1,442)

INSERT INTO Orders_data VALUES (14325725,4,48,6,6,3130)

INSERT INTO Orders_data VALUES (14325725,5,49,4,4,3989)

INSERT INTO Orders_data VALUES (14325903,1,10,2,2,375)

INSERT INTO Orders_data VALUES (14326132,1,57,2,2,4000)

INSERT INTO Orders_data VALUES (14326132,2,13,3,3,382)

INSERT INTO Orders_data VALUES (14326251,1,11,9,9,372)

INSERT INTO Orders_data VALUES (14326582,1,12,6,6,370)

INSERT INTO Orders_data VALUES (14326582,2,3,6,6,165)

INSERT INTO Orders_data VALUES (14326592,1,18,9,9,556)

INSERT INTO Orders_data VALUES (14326684,1,19,4,4,484)

INSERT INTO Orders_data VALUES (14326684,2,13,8,8,259)

INSERT INTO Orders_data VALUES (14326724,1,35,5,5,1103)

INSERT INTO Orders_data VALUES (14326732,1,36,5,0,2300)

INSERT INTO Orders_data VALUES (14326732,2,1,6,0,77)

INSERT INTO Orders_data VALUES (14326732,3,4,8,0,199)

INSERT INTO Orders_data VALUES (14326732,4,14,6,0,339)

INSERT INTO Orders_data VALUES (14327183,1,55,8,8,2479)

INSERT INTO Orders_data VALUES (14327198,1,37,6,6,2090)

INSERT INTO Orders_data VALUES (14327214,1,57,8,8,3600)

INSERT INTO Orders_data VALUES (14327277,1,20,4,4,905)

INSERT INTO Orders_data VALUES (14327277,2,5,9,9,156)

INSERT INTO Orders_data VALUES (14327414,1,56,7,7,2827)

INSERT INTO Orders_data VALUES (14327919,1,20,9,0,586)

INSERT INTO Orders_data VALUES (14327966,1,15,8,8,239)

INSERT INTO Orders_data VALUES (14328002,1,7,4,4,216)

INSERT INTO Orders_data VALUES (14328079,1,16,9,9,330)

INSERT INTO Orders_data VALUES (14328079,2,6,1,1,152)

INSERT INTO Orders_data VALUES (14328201,1,21,7,7,723)

INSERT INTO Orders_data VALUES (14328201,2,23,3,3,873)

INSERT INTO Orders_data VALUES (14328507,1,17,3,3,300)

INSERT INTO Orders_data VALUES (14328590,1,18,2,2,250)

INSERT INTO Orders_data VALUES (14328642,1,7,7,7,103)

INSERT INTO Orders_data VALUES (14328642,2,6,3,3,163)

INSERT INTO Orders_data VALUES (14328763,1,50,5,5,2958)

INSERT INTO Orders_data VALUES (14328764,1,22,9,0,586)

INSERT INTO Orders_data VALUES (14328764,2,51,2,0,2561)

INSERT INTO Orders_data VALUES (14328929,1,44,8,8,1080)

INSERT INTO Orders_data VALUES (14328983,1,23,5,5,750)

INSERT INTO Orders_data VALUES (14328983,2,24,2,2,421)

INSERT INTO Orders_data VALUES (14329174,1,22,4,4,881)

INSERT INTO Orders_data VALUES (14329174,2,5,5,5,195)

INSERT INTO Orders_data VALUES (14329410,1,25,9,9,650)

INSERT INTO Orders_data VALUES (14329418,1,26,7,7,458)

INSERT INTO Orders_data VALUES (14329424,1,27,9,9,738)

INSERT INTO Orders_data VALUES (14329563,1,11,7,7,316)

INSERT INTO Orders_data VALUES (14329563,2,17,7,7,385)

INSERT INTO Orders_data VALUES (14329563,3,23,1,1,822)

INSERT INTO Orders_data VALUES (14329563,4,39,5,5,1060)

INSERT INTO Orders_data VALUES (14329563,5,28,1,1,515)

INSERT INTO Orders_data VALUES (14329563,6,16,7,7,383)

INSERT INTO Orders_data VALUES (14329563,7,29,8,8,419)

INSERT INTO Orders_data VALUES (14329563,8,15,9,9,373)

INSERT INTO Orders_data VALUES (14329569,1,30,8,8,738)

INSERT INTO Orders_data VALUES (14329672,1,4,5,0,122)

INSERT INTO Orders_data VALUES (14329904,1,31,9,9,434)

INSERT INTO Orders_data VALUES (14329904,2,38,4,4,1435)

INSERT INTO Orders_data VALUES (14329904,3,40,3,3,1050)

INSERT INTO Orders_data VALUES (14329904,4,18,3,3,351)

INSERT INTO Orders_data VALUES (14330021,1,32,3,3,508)

INSERT INTO Orders_data VALUES (14330138,1,33,8,8,621)

INSERT INTO Orders_data VALUES (14330741,1,2,2,2,94)

INSERT INTO Orders_data VALUES (14330741,2,34,2,2,524)

INSERT INTO Orders_data VALUES (14330752,1,10,6,6,285)

INSERT INTO Orders_data VALUES (14330776,1,3,6,6,100)

INSERT INTO Orders_data VALUES (14330776,2,14,5,5,211)

INSERT INTO Orders_data VALUES (14331315,1,13,4,4,400)

INSERT INTO Orders_data VALUES (14331334,1,52,4,4,3006)

INSERT INTO Orders_data VALUES (14331334,2,55,9,9,2506)

INSERT INTO Orders_data VALUES (14331336,1,35,3,3,529)

INSERT INTO Orders_data VALUES (14331632,1,53,2,2,2860)

INSERT INTO Orders_data VALUES (14331788,1,36,4,4,704)

INSERT INTO Orders_data VALUES (14331895,1,4,2,2,187)

INSERT INTO Orders_data VALUES (14332007,1,37,9,9,500)

INSERT INTO Orders_data VALUES (14332219,1,38,2,2,531)

INSERT INTO Orders_data VALUES (14332252,1,43,10,10,1978)

INSERT INTO Orders_data VALUES (14332272,1,39,6,0,582)

INSERT INTO Orders_data VALUES (14332299,1,42,8,8,661)

INSERT INTO Orders_data VALUES (14332299,2,54,5,5,2886)

INSERT INTO Orders_data VALUES (14332751,1,41,4,4,1971)

INSERT INTO Orders_data VALUES (14333044,1,40,1,1,1381)

INSERT INTO Orders_data VALUES (14333044,2,39,1,1,1482)

INSERT INTO Orders_data VALUES (14333044,3,56,5,5,2330)

INSERT INTO Orders_data VALUES (14333044,4,38,7,7,1393)

INSERT INTO Orders_data VALUES (14333592,1,3,4,4,169)

INSERT INTO Orders_data VALUES (14333642,1,47,4,4,2640)

INSERT INTO Orders_data VALUES (14333660,1,4,9,9,198)

INSERT INTO Orders_data VALUES (14333723,1,12,7,7,287)

INSERT INTO Orders_data VALUES (14333729,1,30,4,4,602)

INSERT INTO Orders_data VALUES (14333729,2,11,6,6,202)

INSERT INTO Orders_data VALUES (14334264,1,10,3,3,209)

INSERT INTO Orders_data VALUES (14334264,2,9,5,5,232)

INSERT INTO Orders_data VALUES (14334608,1,39,3,3,1682)

INSERT INTO Orders_data VALUES (14334608,2,40,3,3,1925)

INSERT INTO Orders_data VALUES (14334649,1,5,1,1,124)

INSERT INTO Orders_data VALUES (14334689,1,55,4,4,1397)

INSERT INTO Orders_data VALUES (14334720,1,2,5,5,64)

INSERT INTO Orders_data VALUES (14334974,1,3,5,5,130)

INSERT INTO Orders_data VALUES (14334974,2,4,7,7,170)

INSERT INTO Orders_data VALUES (14335079,1,38,5,5,613)

INSERT INTO Orders_data VALUES (14335379,1,41,7,7,1088)

INSERT INTO Orders_data VALUES (14335404,1,42,4,4,1975)

INSERT INTO Orders_data VALUES (14335404,2,41,7,7,1200)

INSERT INTO Orders_data VALUES (14335550,1,5,8,8,110)

INSERT INTO Orders_data VALUES (14335553,1,32,5,5,713)

INSERT INTO Orders_data VALUES (14335580,1,6,3,3,103)

INSERT INTO Orders_data VALUES (14335580,2,53,7,7,3300)

INSERT INTO Orders_data VALUES (14335948,1,34,6,6,450)

INSERT INTO Orders_data VALUES (14336231,1,57,4,4,2123)

INSERT INTO Orders_data VALUES (14336785,1,8,2,2,301)

INSERT INTO Orders_data VALUES (14336952,1,7,8,8,398)

INSERT INTO Orders_data VALUES (14336952,2,43,5,5,1623)

INSERT INTO Orders_data VALUES (14336952,3,48,7,7,2635)

INSERT INTO Orders_data VALUES (14336952,4,42,7,7,1077)

INSERT INTO Orders_data VALUES (14336952,5,52,7,7,2112)

INSERT INTO Orders_data VALUES (14337181,1,36,10,10,470)

INSERT INTO Orders_data VALUES (14337739,1,43,9,9,1372)

INSERT INTO Orders_data VALUES (14338092,1,38,9,0,581)

INSERT INTO Orders_data VALUES (14338092,2,28,8,0,623)

INSERT INTO Orders_data VALUES (14338092,3,6,5,0,122)

INSERT INTO Orders_data VALUES (14338092,4,49,6,0,4282)

INSERT INTO Orders_data VALUES (14338092,5,7,7,0,238)

INSERT INTO Orders_data VALUES (14338092,6,8,6,0,293)

INSERT INTO Orders_data VALUES (14338092,7,50,9,0,3347)

INSERT INTO Orders_data VALUES (14338092,8,17,5,0,427)

INSERT INTO Orders_data VALUES (14338092,9,36,4,0,651)

INSERT INTO Orders_data VALUES (14338092,10,44,2,0,1112)

INSERT INTO Orders_data VALUES (14338092,11,24,2,0,804)

INSERT INTO Orders_data VALUES (14338432,1,57,8,8,3200)

INSERT INTO Orders_data VALUES (14338572,1,9,2,2,342)

INSERT INTO Orders_data VALUES (14338763,1,46,8,0,1919)

INSERT INTO Orders_data VALUES (14338763,2,51,6,0,4859)

INSERT INTO Orders_data VALUES (14338763,3,19,8,0,427)

INSERT INTO Orders_data VALUES (14338763,4,7,4,0,191)

INSERT INTO Orders_data VALUES (14338808,1,33,8,8,800)

INSERT INTO Orders_data VALUES (14338872,1,45,2,2,1200)

INSERT INTO Orders_data VALUES (14338903,1,35,10,10,771)

INSERT INTO Orders_data VALUES (14338931,1,45,4,4,1273)

INSERT INTO Orders_data VALUES (14338931,2,43,7,7,2041)

INSERT INTO Orders_data VALUES (14338931,3,41,6,6,1390)

INSERT INTO Orders_data VALUES (14338931,4,25,3,3,884)

INSERT INTO Orders_data VALUES (14338931,5,44,5,5,1444)

INSERT INTO Orders_data VALUES (14338931,6,56,1,1,2472)

INSERT INTO Orders_data VALUES (14338931,7,31,5,5,528)

INSERT INTO Orders_data VALUES (14338931,8,29,8,8,450)

INSERT INTO Orders_data VALUES (14339516,1,10,9,9,209)

INSERT INTO Orders_data VALUES (14339683,1,26,6,6,864)

INSERT INTO Orders_data VALUES (14339683,2,2,2,2,50)

INSERT INTO Orders_data VALUES (14339696,1,27,2,2,442)

INSERT INTO Orders_data VALUES (14339708,1,54,4,4,2600)

INSERT INTO Orders_data VALUES (14339708,2,42,6,6,2013)

INSERT INTO Orders_data VALUES (14339708,3,46,5,5,2064)

INSERT INTO Orders_data VALUES (14339708,4,11,9,9,320)

INSERT INTO Orders_data VALUES (14339747,1,12,8,8,386)

INSERT INTO Orders_data VALUES (14340537,1,44,5,5,1671)

INSERT INTO Orders_data VALUES (14340682,1,8,1,1,211)

INSERT INTO Orders_data VALUES (14340729,1,7,3,0,157)

INSERT INTO Orders_data VALUES (14340735,1,25,2,2,437)

INSERT INTO Orders_data VALUES (14341098,1,6,2,2,112)

INSERT INTO Orders_data VALUES (14341098,2,5,2,2,100)

INSERT INTO Orders_data VALUES (14341358,1,13,1,1,300)

INSERT INTO Orders_data VALUES (14341883,1,43,4,4,1297)

INSERT INTO Orders_data VALUES (14342254,1,5,8,8,147)

INSERT INTO Orders_data VALUES (14342282,1,27,2,2,968)

INSERT INTO Orders_data VALUES (14342669,1,23,6,6,552)

INSERT INTO Orders_data VALUES (14342669,2,38,2,2,1903)

INSERT INTO Orders_data VALUES (14342669,3,14,3,3,291)

INSERT INTO Orders_data VALUES (14342978,1,15,3,3,247)

INSERT INTO Orders_data VALUES (14342978,2,21,10,10,429)

INSERT INTO Orders_data VALUES (14343109,1,52,5,5,2672)

INSERT INTO Orders_data VALUES (14343629,1,19,10,10,471)

INSERT INTO Orders_data VALUES (14343854,1,49,2,2,1833)

INSERT INTO Orders_data VALUES (14344100,1,3,9,9,84)

INSERT INTO Orders_data VALUES (14344523,1,17,5,5,551)

INSERT INTO Orders_data VALUES (14344650,1,16,5,5,240)

INSERT INTO Orders_data VALUES (14344900,1,1,2,2,63)

INSERT INTO Orders_data VALUES (14344900,2,1,6,6,42)

INSERT INTO Orders_data VALUES (14344900,3,2,8,8,49)

INSERT INTO Orders_data VALUES (14344900,4,2,8,8,45)

INSERT INTO Orders_data VALUES (14345143,1,45,4,4,1547)

INSERT INTO Orders_data VALUES (14345211,1,57,8,8,3010)

INSERT INTO Orders_data VALUES (14345211,2,39,6,6,1100)

INSERT INTO Orders_data VALUES (14345863,1,36,2,2,949)

INSERT INTO Orders_data VALUES (14345863,2,4,7,7,178)

INSERT INTO Orders_data VALUES (14345863,3,40,2,2,1068)

INSERT INTO Orders_data VALUES (14345863,4,15,4,4,542)

INSERT INTO Orders_data VALUES (14345863,5,18,2,2,606)

INSERT INTO Orders_data VALUES (14345863,6,41,5,5,1579)

INSERT INTO Orders_data VALUES (14345863,7,42,9,9,1786)

INSERT INTO Orders_data VALUES (14345863,8,47,6,6,3547)

INSERT INTO Orders_data VALUES (14345863,9,17,5,5,364)

INSERT INTO Orders_data VALUES (14345911,1,3,6,6,109)

INSERT INTO Orders_data VALUES (14346025,1,3,4,4,127)

INSERT INTO Orders_data VALUES (14346151,1,30,8,8,883)

INSERT INTO Orders_data VALUES (14346178,1,4,6,0,200)

INSERT INTO Orders_data VALUES (14346547,1,5,3,3,162)

INSERT INTO Orders_data VALUES (14347648,1,43,8,8,1031)

INSERT INTO Orders_data VALUES (14348059,1,55,9,9,1516)

INSERT INTO Orders_data VALUES (14348059,2,18,9,9,225)

INSERT INTO Orders_data VALUES (14348154,1,43,9,9,1222)

INSERT INTO Orders_data VALUES (14348380,1,2,5,5,89)

INSERT INTO Orders_data VALUES (14348392,1,18,10,10,308)

INSERT INTO Orders_data VALUES (14349113,1,20,1,1,607)

INSERT INTO Orders_data VALUES (14349325,1,44,1,1,1385)

INSERT INTO Orders_data VALUES (14349663,1,22,9,9,490)

INSERT INTO Orders_data VALUES (14350244,1,28,10,10,1000)

INSERT INTO Orders_data VALUES (14351023,1,17,10,10,279)

INSERT INTO Orders_data VALUES (14351023,2,16,4,4,357)

INSERT INTO Orders_data VALUES (14351288,1,1,5,5,55)

INSERT INTO Orders_data VALUES (14351438,1,15,4,4,272)

INSERT INTO Orders_data VALUES (14351518,1,45,6,6,2038)

INSERT INTO Orders_data VALUES (14351518,2,24,4,4,535)

INSERT INTO Orders_data VALUES (14351518,3,44,5,5,1885)

INSERT INTO Orders_data VALUES (14351518,4,43,8,8,2000)

INSERT INTO Orders_data VALUES (14351518,5,6,6,6,107)

INSERT INTO Orders_data VALUES (14351534,1,14,6,6,366)

INSERT INTO Orders_data VALUES (14351534,2,2,10,10,46)

INSERT INTO Orders_data VALUES (14351596,1,46,5,5,1738)

INSERT INTO Orders_data VALUES (14352105,1,51,5,5,2651)

INSERT INTO Orders_data VALUES (14352105,2,26,9,9,631)

INSERT INTO Orders_data VALUES (14352153,1,1,8,8,56)

INSERT INTO Orders_data VALUES (14352431,1,8,7,7,191)

INSERT INTO Orders_data VALUES (14352431,2,13,5,5,219)

INSERT INTO Orders_data VALUES (14352521,1,49,4,4,4131)

INSERT INTO Orders_data VALUES (14352547,1,42,7,7,1213)

INSERT INTO Orders_data VALUES (14352642,1,28,5,5,741)

INSERT INTO Orders_data VALUES (14352654,1,35,5,5,701)

INSERT INTO Orders_data VALUES (14352956,1,1,4,4,84)

INSERT INTO Orders_data VALUES (14352993,1,30,5,5,551)

INSERT INTO Orders_data VALUES (14353238,1,7,4,4,175)

INSERT INTO Orders_data VALUES (14353238,2,2,3,3,46)

INSERT INTO Orders_data VALUES (14353640,1,49,5,5,1981)

INSERT INTO Orders_data VALUES (14353640,2,2,8,8,80)

INSERT INTO Orders_data VALUES (14353896,1,6,3,3,195)

INSERT INTO Orders_data VALUES (14353924,1,50,2,2,1598)

INSERT INTO Orders_data VALUES (14353924,2,12,3,3,316)

INSERT INTO Orders_data VALUES (14353924,3,11,6,6,344)

INSERT INTO Orders_data VALUES (14353924,4,48,5,5,2447)

INSERT INTO Orders_data VALUES (14353924,5,5,6,6,173)

INSERT INTO Orders_data VALUES (14354150,1,29,2,2,880)

INSERT INTO Orders_data VALUES (14354150,2,32,8,8,610)

INSERT INTO Orders_data VALUES (14354150,3,53,5,5,2075)

INSERT INTO Orders_data VALUES (14354150,4,10,7,7,252)

INSERT INTO Orders_data VALUES (14354150,5,57,8,8,2031)

INSERT INTO Orders_data VALUES (14354212,1,1,3,3,62)

INSERT INTO Orders_data VALUES (14354212,2,34,8,8,793)

INSERT INTO Orders_data VALUES (14354226,1,36,5,0,586)

INSERT INTO Orders_data VALUES (14355115,1,3,9,9,85)

INSERT INTO Orders_data VALUES (14355159,1,2,3,3,54)

INSERT INTO Orders_data VALUES (14355185,1,57,4,4,2584)

INSERT INTO Orders_data VALUES (14355663,1,38,4,4,402)

INSERT INTO Orders_data VALUES (14355725,1,4,10,10,140)

INSERT INTO Orders_data VALUES (14355862,1,54,4,4,3103)

INSERT INTO Orders_data VALUES (14355929,1,41,5,5,1242)

INSERT INTO Orders_data VALUES (14355929,2,9,1,1,324)

INSERT INTO Orders_data VALUES (14355929,3,8,1,1,347)

INSERT INTO Orders_data VALUES (14356180,1,40,6,6,1949)

INSERT INTO Orders_data VALUES (14356262,1,37,4,4,585)

INSERT INTO Orders_data VALUES (14356334,1,3,1,1,145)

INSERT INTO Orders_data VALUES (14356510,1,35,6,6,918)

INSERT INTO Orders_data VALUES (14356550,1,7,7,7,371)

INSERT INTO Orders_data VALUES (14356567,1,51,10,10,2161)

INSERT INTO Orders_data VALUES (14356728,1,4,1,1,100)

INSERT INTO Orders_data VALUES (14356728,2,3,2,2,100)

INSERT INTO Orders_data VALUES (14356876,1,30,7,7,998)

INSERT INTO Orders_data VALUES (14357252,1,31,9,9,848)

INSERT INTO Orders_data VALUES (14357615,1,39,9,9,1420)

INSERT INTO Orders_data VALUES (14357646,1,7,4,4,205)

INSERT INTO Orders_data VALUES (14357743,1,32,7,7,988)

INSERT INTO Orders_data VALUES (14357774,1,56,5,5,2737)

INSERT INTO Orders_data VALUES (14358196,1,5,8,8,110)

INSERT INTO Orders_data VALUES (14358408,1,8,7,7,360)

INSERT INTO Orders_data VALUES (14358616,1,9,9,9,313)

INSERT INTO Orders_data VALUES (14359034,1,50,3,3,2005)

INSERT INTO Orders_data VALUES (14359524,1,46,3,3,3030)

INSERT INTO Orders_data VALUES (14359524,2,47,2,2,3912)

INSERT INTO Orders_data VALUES (14359524,3,10,4,4,369)

INSERT INTO Orders_data VALUES (14359524,4,12,7,7,240)

INSERT INTO Orders_data VALUES (14359524,5,50,8,8,3205)

INSERT INTO Orders_data VALUES (14359576,1,11,3,3,300)

INSERT INTO Orders_data VALUES (14359577,1,12,3,3,296)

INSERT INTO Orders_data VALUES (14359876,1,6,8,8,139)

INSERT INTO Orders_data VALUES (14359876,2,7,3,3,128)

INSERT INTO Orders_data VALUES (14359928,1,33,3,3,974)

INSERT INTO Orders_data VALUES (14360165,1,51,3,3,2075)

INSERT INTO Orders_data VALUES (14360374,1,8,9,9,178)

INSERT INTO Orders_data VALUES (14360555,1,1,4,4,54)

INSERT INTO Orders_data VALUES (14360612,1,13,3,0,317)

INSERT INTO Orders_data VALUES (14360724,1,14,10,10,299)

INSERT INTO Orders_data VALUES (14360896,1,34,9,9,1000)

INSERT INTO Orders_data VALUES (14360917,1,53,6,6,4311)

INSERT INTO Orders_data VALUES (14360957,1,9,5,5,192)

INSERT INTO Orders_data VALUES (14360972,1,39,6,6,719)

INSERT INTO Orders_data VALUES (14360972,2,2,9,9,63)

INSERT INTO Orders_data VALUES (14360972,3,2,6,6,99)

INSERT INTO Orders_data VALUES (14361104,1,35,9,9,1000)

INSERT INTO Orders_data VALUES (14361104,2,35,3,3,639)

INSERT INTO Orders_data VALUES (14361104,3,7,5,5,106)

INSERT INTO Orders_data VALUES (14361137,1,1,3,3,58)

INSERT INTO Orders_data VALUES (14361142,1,2,8,8,60)

INSERT INTO Orders_data VALUES (14361374,1,6,2,2,113)

INSERT INTO Orders_data VALUES (14361554,1,15,8,8,327)

INSERT INTO Orders_data VALUES (14361554,2,33,2,2,579)

INSERT INTO Orders_data VALUES (14361554,3,38,2,2,2134)

INSERT INTO Orders_data VALUES (14361554,4,37,8,8,1100)

INSERT INTO Orders_data VALUES (14361554,5,54,9,9,3417)

INSERT INTO Orders_data VALUES (14361554,6,36,5,5,805)

INSERT INTO Orders_data VALUES (14361554,7,49,10,10,1619)

INSERT INTO Orders_data VALUES (14361554,8,48,10,10,1479)

INSERT INTO Orders_data VALUES (14361561,1,44,2,2,2358)

INSERT INTO Orders_data VALUES (14361561,2,1,9,9,60)

INSERT INTO Orders_data VALUES (14361561,3,5,7,7,150)

INSERT INTO Orders_data VALUES (14361839,1,31,5,5,579)

INSERT INTO Orders_data VALUES (14361844,1,29,7,7,488)

INSERT INTO Orders_data VALUES (14362039,1,45,4,4,2634)

INSERT INTO Orders_data VALUES (14362143,1,1,8,8,79)

INSERT INTO Orders_data VALUES (14362143,2,37,8,8,856)

INSERT INTO Orders_data VALUES (14362143,3,16,2,2,210)

INSERT INTO Orders_data VALUES (14362164,1,17,3,3,296)

INSERT INTO Orders_data VALUES (14362441,1,2,8,8,89)

INSERT INTO Orders_data VALUES (14362488,1,2,3,3,53)

INSERT INTO Orders_data VALUES (14362503,1,27,2,2,492)

INSERT INTO Orders_data VALUES (14362576,1,25,9,9,450)

INSERT INTO Orders_data VALUES (14362597,1,36,8,8,1082)

INSERT INTO Orders_data VALUES (14362614,1,35,2,2,1254)

INSERT INTO Orders_data VALUES (14362901,1,3,8,8,97)

INSERT INTO Orders_data VALUES (14363451,1,1,6,6,54)

INSERT INTO Orders_data VALUES (14363810,1,2,9,9,85)

INSERT INTO Orders_data VALUES (14363815,1,38,2,2,849)

INSERT INTO Orders_data VALUES (14364073,1,4,9,9,174)

INSERT INTO Orders_data VALUES (14364524,1,1,3,3,72)

INSERT INTO Orders_data VALUES (14364815,1,2,10,10,52)

INSERT INTO Orders_data VALUES (14364828,1,18,4,4,233)

INSERT INTO Orders_data VALUES (14365136,1,23,5,5,456)

INSERT INTO Orders_data VALUES (14365259,1,1,8,8,57)

INSERT INTO Orders_data VALUES (14365328,1,2,1,1,87)

INSERT INTO Orders_data VALUES (14365328,2,43,7,7,1041)

INSERT INTO Orders_data VALUES (14365598,1,34,4,4,1047)

INSERT INTO Orders_data VALUES (14365796,1,19,8,8,354)

INSERT INTO Orders_data VALUES (14366109,1,3,3,3,193)

INSERT INTO Orders_data VALUES (14366111,1,21,9,9,443)

INSERT INTO Orders_data VALUES (14366243,1,7,1,0,184)

INSERT INTO Orders_data VALUES (14366243,2,35,2,0,1117)

INSERT INTO Orders_data VALUES (14366243,3,19,5,0,625)

INSERT INTO Orders_data VALUES (14366243,4,18,4,0,249)

INSERT INTO Orders_data VALUES (14366243,5,4,7,0,142)

INSERT INTO Orders_data VALUES (14366243,6,17,3,0,570)

INSERT INTO Orders_data VALUES (14366243,7,18,4,0,608)

INSERT INTO Orders_data VALUES (14366243,8,40,10,0,1425)

INSERT INTO Orders_data VALUES (14366243,9,46,3,0,4071)

INSERT INTO Orders_data VALUES (14366243,10,42,8,0,1552)

INSERT INTO Orders_data VALUES (14366243,11,2,6,0,54)

INSERT INTO Orders_data VALUES (14366365,1,17,10,10,301)

INSERT INTO Orders_data VALUES (14366491,1,3,9,9,83)

INSERT INTO Orders_data VALUES (14366585,1,39,2,2,850)

INSERT INTO Orders_data VALUES (14366596,1,21,10,10,527)

INSERT INTO Orders_data VALUES (14366936,1,40,6,6,991)

INSERT INTO Orders_data VALUES (14367137,1,16,9,9,252)

INSERT INTO Orders_data VALUES (14367164,1,1,1,1,60)

INSERT INTO Orders_data VALUES (14367314,1,6,8,8,182)

INSERT INTO Orders_data VALUES (14367526,1,2,6,6,90)

INSERT INTO Orders_data VALUES (14367526,2,2,2,2,55)

INSERT INTO Orders_data VALUES (14367619,1,49,3,3,1891)

INSERT INTO Orders_data VALUES (14367619,2,41,9,9,972)

INSERT INTO Orders_data VALUES (14367619,3,1,5,5,91)

INSERT INTO Orders_data VALUES (14367619,4,48,7,7,2962)

INSERT INTO Orders_data VALUES (14367619,5,24,10,10,448)

INSERT INTO Orders_data VALUES (14367619,6,45,3,3,1516)

INSERT INTO Orders_data VALUES (14367619,7,46,7,7,1602)

INSERT INTO Orders_data VALUES (14367619,8,47,7,7,1726)

INSERT INTO Orders_data VALUES (14367619,9,27,4,4,547)

INSERT INTO Orders_data VALUES (14367619,10,15,6,6,345)

INSERT INTO Orders_data VALUES (14367699,1,47,3,3,1930)

INSERT INTO Orders_data VALUES (14367699,2,50,3,3,2021)

INSERT INTO Orders_data VALUES (14367699,3,50,4,4,1973)

INSERT INTO Orders_data VALUES (14367890,1,2,2,2,82)

INSERT INTO Orders_data VALUES (14368038,1,14,8,8,334)

INSERT INTO Orders_data VALUES (14368038,2,1,7,7,57)

INSERT INTO Orders_data VALUES (14368038,3,2,6,6,61)

INSERT INTO Orders_data VALUES (14368155,1,30,10,10,552)

INSERT INTO Orders_data VALUES (14368156,1,33,6,6,594)

INSERT INTO Orders_data VALUES (14368492,1,48,8,8,1600)

INSERT INTO Orders_data VALUES (14368492,2,13,7,7,377)

INSERT INTO Orders_data VALUES (14369040,1,51,7,7,1727)

INSERT INTO Orders_data VALUES (14369058,1,12,3,3,232)

INSERT INTO Orders_data VALUES (14369058,2,49,3,3,2984)

INSERT INTO Orders_data VALUES (14369093,1,5,4,4,170)

INSERT INTO Orders_data VALUES (14369111,1,3,2,2,90)

INSERT INTO Orders_data VALUES (14369441,1,42,5,5,931)

INSERT INTO Orders_data VALUES (14369612,1,4,5,5,170)

INSERT INTO Orders_data VALUES (14369612,2,1,3,3,52)

INSERT INTO Orders_data VALUES (14369612,3,11,5,5,368)

INSERT INTO Orders_data VALUES (14369612,4,3,4,4,140)

INSERT INTO Orders_data VALUES (14369794,1,40,3,3,726)

INSERT INTO Orders_data VALUES (14369925,1,2,4,4,30)

INSERT INTO Orders_data VALUES (14370219,1,3,8,8,110)

INSERT INTO Orders_data VALUES (14370241,1,36,8,8,601)

INSERT INTO Orders_data VALUES (14370509,1,10,8,8,396)

INSERT INTO Orders_data VALUES (14370545,1,9,5,5,358)

INSERT INTO Orders_data VALUES (14370545,2,1,6,6,60)

INSERT INTO Orders_data VALUES (14370545,3,8,7,7,386)

INSERT INTO Orders_data VALUES (14371028,1,41,3,3,992)

INSERT INTO Orders_data VALUES (14371243,1,51,2,2,4652)

INSERT INTO Orders_data VALUES (14372051,1,54,9,9,3337)

INSERT INTO Orders_data VALUES (14372062,1,7,3,3,353)

INSERT INTO Orders_data VALUES (14372092,1,16,4,4,306)

INSERT INTO Orders_data VALUES (14372553,1,4,4,4,192)

INSERT INTO Orders_data VALUES (14372629,1,5,4,4,101)

INSERT INTO Orders_data VALUES (14372689,1,6,6,6,160)

INSERT INTO Orders_data VALUES (14373086,1,39,2,2,708)

INSERT INTO Orders_data VALUES (14373199,1,7,7,7,160)

INSERT INTO Orders_data VALUES (14373222,1,38,6,6,443)

INSERT INTO Orders_data VALUES (14373369,1,46,4,4,3088)

INSERT INTO Orders_data VALUES (14373605,1,20,2,2,502)

INSERT INTO Orders_data VALUES (14373605,2,51,5,5,1876)

INSERT INTO Orders_data VALUES (14373861,1,41,4,4,975)

INSERT INTO Orders_data VALUES (14374441,1,17,5,5,333)

INSERT INTO Orders_data VALUES (14374790,1,2,10,10,46)

INSERT INTO Orders_data VALUES (14375056,1,2,5,5,83)

INSERT INTO Orders_data VALUES (14375218,1,35,9,9,454)

INSERT INTO Orders_data VALUES (14375218,2,32,3,3,571)

INSERT INTO Orders_data VALUES (14375218,3,18,3,3,268)

INSERT INTO Orders_data VALUES (14375244,1,3,6,6,165)

INSERT INTO Orders_data VALUES (14375317,1,15,8,8,206)

INSERT INTO Orders_data VALUES (14375317,2,1,7,7,62)

INSERT INTO Orders_data VALUES (14375810,1,3,3,3,147)

INSERT INTO Orders_data VALUES (14375983,1,14,9,9,260)

INSERT INTO Orders_data VALUES (14376100,1,1,2,2,87)

INSERT INTO Orders_data VALUES (14376241,1,2,5,5,91)

INSERT INTO Orders_data VALUES (14376401,1,40,9,9,816)

INSERT INTO Orders_data VALUES (14376482,1,4,1,0,161)

INSERT INTO Orders_data VALUES (14376490,1,5,4,4,110)

INSERT INTO Orders_data VALUES (14376530,1,6,9,9,141)

INSERT INTO Orders_data VALUES (14376530,2,29,9,9,514)

INSERT INTO Orders_data VALUES (14376761,1,45,3,3,1521)

INSERT INTO Orders_data VALUES (14376990,1,13,9,9,304)

INSERT INTO Orders_data VALUES (14377269,1,52,8,8,3495)

INSERT INTO Orders_data VALUES (14377665,1,7,5,5,162)

INSERT INTO Orders_data VALUES (14377665,2,39,10,10,870)

INSERT INTO Orders_data VALUES (14377802,1,48,1,1,4720)

INSERT INTO Orders_data VALUES (14377802,2,50,6,6,3231)

INSERT INTO Orders_data VALUES (14377935,1,42,2,2,784)

INSERT INTO Orders_data VALUES (14377977,1,2,4,4,51)

INSERT INTO Orders_data VALUES (14378080,1,55,6,6,1718)

INSERT INTO Orders_data VALUES (14378080,2,5,9,9,180)

INSERT INTO Orders_data VALUES (14378080,3,6,7,7,124)

INSERT INTO Orders_data VALUES (14378080,4,5,5,5,128)

INSERT INTO Orders_data VALUES (14378080,5,12,5,5,239)

INSERT INTO Orders_data VALUES (14378080,6,38,7,7,899)

INSERT INTO Orders_data VALUES (14378080,7,26,6,6,516)

INSERT INTO Orders_data VALUES (14378080,8,47,9,9,2379)

INSERT INTO Orders_data VALUES (14378080,9,53,7,7,2743)

INSERT INTO Orders_data VALUES (14378347,1,4,5,5,160)

INSERT INTO Orders_data VALUES (14378650,1,11,7,7,338)

INSERT INTO Orders_data VALUES (14378755,1,10,8,8,206)

INSERT INTO Orders_data VALUES (14379346,1,50,2,2,3021)

INSERT INTO Orders_data VALUES (14379825,1,9,3,3,219)

INSERT INTO Orders_data VALUES (14380002,1,50,8,8,1760)

INSERT INTO Orders_data VALUES (14380053,1,23,2,2,689)

INSERT INTO Orders_data VALUES (14380104,1,3,5,5,154)

INSERT INTO Orders_data VALUES (14380135,1,3,5,5,188)

INSERT INTO Orders_data VALUES (14380306,1,4,8,8,115)

INSERT INTO Orders_data VALUES (14380369,1,20,6,6,415)

INSERT INTO Orders_data VALUES (14380452,1,2,9,9,106)

INSERT INTO Orders_data VALUES (14380472,1,8,2,2,303)

INSERT INTO Orders_data VALUES (14380588,1,17,2,2,525)

INSERT INTO Orders_data VALUES (14380745,1,7,4,4,280)

INSERT INTO Orders_data VALUES (14380792,1,3,9,9,70)

INSERT INTO Orders_data VALUES (14380792,2,2,2,2,75)

INSERT INTO Orders_data VALUES (14380792,3,7,2,2,209)

INSERT INTO Orders_data VALUES (14380993,1,5,8,8,126)

INSERT INTO Orders_data VALUES (14381095,1,7,6,6,210)

INSERT INTO Orders_data VALUES (14381531,1,46,4,4,1281)

INSERT INTO Orders_data VALUES (14381590,1,40,3,3,1275)

INSERT INTO Orders_data VALUES (14382371,1,19,3,3,451)

INSERT INTO Orders_data VALUES (14383302,1,6,9,9,139)

INSERT INTO Orders_data VALUES (14383548,1,45,7,7,1700)

INSERT INTO Orders_data VALUES (14383548,2,16,5,5,388)

INSERT INTO Orders_data VALUES (14383548,3,22,10,10,667)

INSERT INTO Orders_data VALUES (14383548,4,37,10,10,947)

INSERT INTO Orders_data VALUES (14383548,5,17,3,3,280)

INSERT INTO Orders_data VALUES (14383548,6,7,7,7,123)

INSERT INTO Orders_data VALUES (14383706,1,7,10,0,156)

INSERT INTO Orders_data VALUES (14383904,1,18,8,8,332)

INSERT INTO Orders_data VALUES (14384180,1,36,5,5,823)

INSERT INTO Orders_data VALUES (14384180,2,46,5,5,2444)

INSERT INTO Orders_data VALUES (14384180,3,54,3,3,2002)

INSERT INTO Orders_data VALUES (14384180,4,55,4,4,2348)

INSERT INTO Orders_data VALUES (14384180,5,25,10,10,445)

INSERT INTO Orders_data VALUES (14384562,1,14,7,7,321)

INSERT INTO Orders_data VALUES (14384603,1,15,7,7,290)

INSERT INTO Orders_data VALUES (14384603,2,28,8,8,732)

INSERT INTO Orders_data VALUES (14384603,3,31,4,4,434)

INSERT INTO Orders_data VALUES (14384603,4,37,4,4,893)

INSERT INTO Orders_data VALUES (14384603,5,52,8,8,1694)

INSERT INTO Orders_data VALUES (14384603,6,53,5,5,1772)

INSERT INTO Orders_data VALUES (14384603,7,34,8,8,554)

INSERT INTO Orders_data VALUES (14384603,8,1,2,2,60)

INSERT INTO Orders_data VALUES (14384603,9,6,5,5,100)

INSERT INTO Orders_data VALUES (14384603,10,54,2,2,2995)

INSERT INTO Orders_data VALUES (14384792,1,15,3,3,401)

INSERT INTO Orders_data VALUES (14384891,1,1,3,3,94)

INSERT INTO Orders_data VALUES (14385172,1,14,7,7,350)

INSERT INTO Orders_data VALUES (14385724,1,13,5,5,300)

INSERT INTO Orders_data VALUES (14386597,1,54,5,5,2629)

INSERT INTO Orders_data VALUES (14386597,2,37,1,1,669)

INSERT INTO Orders_data VALUES (14386597,3,29,7,7,653)

INSERT INTO Orders_data VALUES (14386597,4,26,3,3,532)

INSERT INTO Orders_data VALUES (14386692,1,23,7,7,537)

INSERT INTO Orders_data VALUES (14386831,1,39,5,5,1019)

INSERT INTO Orders_data VALUES (14387271,1,11,6,6,351)

INSERT INTO Orders_data VALUES (14388245,1,20,2,2,484)

INSERT INTO Orders_data VALUES (14388245,2,53,8,8,2253)

INSERT INTO Orders_data VALUES (14388245,3,5,10,10,159)

INSERT INTO Orders_data VALUES (14388245,4,4,8,8,162)

INSERT INTO Orders_data VALUES (14388374,1,30,4,4,669)

INSERT INTO Orders_data VALUES (14388491,1,53,9,9,3273)

INSERT INTO Orders_data VALUES (14388673,1,35,9,9,766)

INSERT INTO Orders_data VALUES (14388688,1,3,6,6,200)

INSERT INTO Orders_data VALUES (14388759,1,2,5,5,95)

INSERT INTO Orders_data VALUES (14388759,2,12,7,7,307)

INSERT INTO Orders_data VALUES (14388761,1,41,4,4,1100)

INSERT INTO Orders_data VALUES (14388777,1,52,9,9,3061)

INSERT INTO Orders_data VALUES (14389006,1,36,4,4,812)

INSERT INTO Orders_data VALUES (14389006,2,35,6,6,865)

INSERT INTO Orders_data VALUES (14389006,3,10,5,5,390)

INSERT INTO Orders_data VALUES (14389006,4,9,4,4,256)

INSERT INTO Orders_data VALUES (14389204,1,57,1,1,1693)

INSERT INTO Orders_data VALUES (14389339,1,3,7,7,95)

INSERT INTO Orders_data VALUES (14389482,1,33,5,5,645)

INSERT INTO Orders_data VALUES (14389627,1,52,8,8,1743)

INSERT INTO Orders_data VALUES (14390315,1,34,7,7,1000)

INSERT INTO Orders_data VALUES (14390315,2,5,5,5,125)

INSERT INTO Orders_data VALUES (14390620,1,16,4,4,367)

INSERT INTO Orders_data VALUES (14390724,1,52,6,6,4198)

INSERT INTO Orders_data VALUES (14390773,1,5,4,4,166)

INSERT INTO Orders_data VALUES (14390876,1,31,7,7,654)

INSERT INTO Orders_data VALUES (14391050,1,8,7,7,240)

INSERT INTO Orders_data VALUES (14391092,1,7,5,5,352)

INSERT INTO Orders_data VALUES (14391132,1,8,2,2,318)

INSERT INTO Orders_data VALUES (14391138,1,56,8,8,2684)

INSERT INTO Orders_data VALUES (14391138,2,51,7,7,3131)

INSERT INTO Orders_data VALUES (14391180,1,9,5,5,214)

INSERT INTO Orders_data VALUES (14391510,1,10,4,4,367)

INSERT INTO Orders_data VALUES (14391658,1,51,5,5,3930)

INSERT INTO Orders_data VALUES (14391687,1,38,3,3,684)

INSERT INTO Orders_data VALUES (14392050,1,29,5,0,624)

INSERT INTO Orders_data VALUES (14392330,1,3,5,5,114)

INSERT INTO Orders_data VALUES (14392554,1,11,4,4,356)

INSERT INTO Orders_data VALUES (14393031,1,17,3,3,459)

INSERT INTO Orders_data VALUES (14393031,2,18,1,1,420)

INSERT INTO Orders_data VALUES (14393308,1,25,2,2,604)

INSERT INTO Orders_data VALUES (14393308,2,56,2,2,2051)

INSERT INTO Orders_data VALUES (14393308,3,17,1,1,456)

INSERT INTO Orders_data VALUES (14393308,4,12,1,1,290)

INSERT INTO Orders_data VALUES (14393308,5,13,3,3,221)

INSERT INTO Orders_data VALUES (14393308,6,18,3,3,473)

INSERT INTO Orders_data VALUES (14393700,1,14,7,7,252)

INSERT INTO Orders_data VALUES (14393848,1,33,4,4,903)

INSERT INTO Orders_data VALUES (14394706,1,42,7,7,1172)

INSERT INTO Orders_data VALUES (14394996,1,4,3,3,173)

INSERT INTO Orders_data VALUES (14395298,1,50,4,4,3806)

INSERT INTO Orders_data VALUES (14395298,2,19,7,7,425)

INSERT INTO Orders_data VALUES (14395337,1,56,10,10,2416)

INSERT INTO Orders_data VALUES (14395572,1,31,4,4,706)

INSERT INTO Orders_data VALUES (14395572,2,38,1,1,1005)

INSERT INTO Orders_data VALUES (14395572,3,50,5,5,3903)

INSERT INTO Orders_data VALUES (14395572,4,5,9,9,200)

INSERT INTO Orders_data VALUES (14395572,5,15,6,6,362)

INSERT INTO Orders_data VALUES (14395572,6,25,4,4,488)

INSERT INTO Orders_data VALUES (14395572,7,32,8,8,962)

INSERT INTO Orders_data VALUES (14395572,8,16,9,9,350)

INSERT INTO Orders_data VALUES (14396222,1,37,7,7,723)

INSERT INTO Orders_data VALUES (14396316,1,43,1,1,1400)

INSERT INTO Orders_data VALUES (14396504,1,20,8,8,491)

INSERT INTO Orders_data VALUES (14396504,2,17,8,8,320)

INSERT INTO Orders_data VALUES (14396796,1,53,2,2,1326)

INSERT INTO Orders_data VALUES (14396796,2,55,9,9,1596)

INSERT INTO Orders_data VALUES (14396937,1,49,9,9,3422)

INSERT INTO Orders_data VALUES (14396937,2,19,2,2,450)

INSERT INTO Orders_data VALUES (14396937,3,38,6,6,635)

INSERT INTO Orders_data VALUES (14396937,4,21,2,2,467)

INSERT INTO Orders_data VALUES (14396937,5,49,2,2,2162)

INSERT INTO Orders_data VALUES (14397511,1,52,8,8,1268)

INSERT INTO Orders_data VALUES (14397568,1,6,9,9,164)

INSERT INTO Orders_data VALUES (14397856,1,18,1,1,305)

INSERT INTO Orders_data VALUES (14398096,1,17,10,10,326)

INSERT INTO Orders_data VALUES (14398379,1,37,8,8,623)

INSERT INTO Orders_data VALUES (14398744,1,22,9,9,443)

INSERT INTO Orders_data VALUES (14398788,1,49,7,0,4387)

INSERT INTO Orders_data VALUES (14398788,2,25,5,0,582)

INSERT INTO Orders_data VALUES (14399124,1,2,4,4,53)

INSERT INTO Orders_data VALUES (14399522,1,16,8,8,360)

INSERT INTO Orders_data VALUES (14399766,1,15,6,6,390)

INSERT INTO Orders_data VALUES (14400532,1,14,8,8,306)

INSERT INTO Orders_data VALUES (14400532,2,13,9,9,300)

INSERT INTO Orders_data VALUES (14400532,3,23,7,7,490)

INSERT INTO Orders_data VALUES (14400627,1,48,7,7,2003)

INSERT INTO Orders_data VALUES (14400630,1,7,4,4,160)

INSERT INTO Orders_data VALUES (14400636,1,12,9,9,372)

INSERT INTO Orders_data VALUES (14400907,1,48,3,3,2853)

INSERT INTO Orders_data VALUES (14400907,2,47,7,7,2276)

INSERT INTO Orders_data VALUES (14400907,3,34,6,6,714)

INSERT INTO Orders_data VALUES (14400907,4,53,6,6,1484)

INSERT INTO Orders_data VALUES (14400907,5,45,7,7,1128)

INSERT INTO Orders_data VALUES (14401181,1,11,9,9,290)

INSERT INTO Orders_data VALUES (14401181,2,1,7,7,56)

INSERT INTO Orders_data VALUES (14401595,1,25,1,0,580)

INSERT INTO Orders_data VALUES (14401779,1,10,4,4,280)

INSERT INTO Orders_data VALUES (14401786,1,9,2,2,311)

INSERT INTO Orders_data VALUES (14402011,1,24,7,7,552)

INSERT INTO Orders_data VALUES (14402011,2,28,8,8,726)

INSERT INTO Orders_data VALUES (14402011,3,55,5,5,2422)

INSERT INTO Orders_data VALUES (14402011,4,27,6,6,701)

INSERT INTO Orders_data VALUES (14402011,5,29,4,4,778)

INSERT INTO Orders_data VALUES (14402280,1,2,1,1,62)

INSERT INTO Orders_data VALUES (14402393,1,38,6,6,1142)

INSERT INTO Orders_data VALUES (14402541,1,8,6,6,265)

INSERT INTO Orders_data VALUES (14402541,2,2,4,4,72)

INSERT INTO Orders_data VALUES (14402638,1,7,2,2,214)

INSERT INTO Orders_data VALUES (14402638,2,8,9,9,230)

INSERT INTO Orders_data VALUES (14402676,1,6,6,6,150)

INSERT INTO Orders_data VALUES (14402676,2,9,9,9,360)

INSERT INTO Orders_data VALUES (14402676,3,5,3,3,181)

INSERT INTO Orders_data VALUES (14403575,1,10,5,5,290)

INSERT INTO Orders_data VALUES (14404197,1,11,2,2,250)

INSERT INTO Orders_data VALUES (14405111,1,27,8,8,601)

INSERT INTO Orders_data VALUES (14405162,1,57,5,5,2800)

INSERT INTO Orders_data VALUES (14405212,1,57,5,5,6244)

INSERT INTO Orders_data VALUES (14405212,2,57,3,3,6322)

INSERT INTO Orders_data VALUES (14405899,1,24,5,5,548)

INSERT INTO Orders_data VALUES (14406309,1,12,8,8,279)

INSERT INTO Orders_data VALUES (14406558,1,1,8,8,81)

INSERT INTO Orders_data VALUES (14407372,1,19,5,5,460)

INSERT INTO Orders_data VALUES (14407472,1,31,5,5,817)

INSERT INTO Orders_data VALUES (14407579,1,40,2,2,1537)

INSERT INTO Orders_data VALUES (14407747,1,4,2,2,190)

INSERT INTO Orders_data VALUES (14407831,1,3,4,4,125)

INSERT INTO Orders_data VALUES (14407906,1,13,1,1,271)

INSERT INTO Orders_data VALUES (14408130,1,39,10,10,1519)

INSERT INTO Orders_data VALUES (14408332,1,30,7,7,997)

INSERT INTO Orders_data VALUES (14408770,1,20,4,4,450)

INSERT INTO Orders_data VALUES (14408894,1,24,4,4,713)

INSERT INTO Orders_data VALUES (14408894,2,19,6,6,467)

INSERT INTO Orders_data VALUES (14408896,1,14,7,7,209)

INSERT INTO Orders_data VALUES (14409432,1,1,6,6,59)

INSERT INTO Orders_data VALUES (14409460,1,57,7,0,4224)

INSERT INTO Orders_data VALUES (14409460,2,29,4,0,869)

INSERT INTO Orders_data VALUES (14409460,3,46,10,0,3950)

INSERT INTO Orders_data VALUES (14409624,1,51,2,2,1263)

INSERT INTO Orders_data VALUES (14409624,2,11,9,9,307)

INSERT INTO Orders_data VALUES (14409704,1,3,2,2,180)

INSERT INTO Orders_data VALUES (14409704,2,2,4,4,74)

INSERT INTO Orders_data VALUES (14410843,1,15,8,8,393)

INSERT INTO Orders_data VALUES (14410843,2,20,4,4,576)

INSERT INTO Orders_data VALUES (14410843,3,28,8,8,950)

INSERT INTO Orders_data VALUES (14410843,4,3,3,3,81)

INSERT INTO Orders_data VALUES (14410843,5,50,10,10,1182)

INSERT INTO Orders_data VALUES (14410870,1,48,3,3,2981)

INSERT INTO Orders_data VALUES (14411096,1,16,8,8,309)

INSERT INTO Orders_data VALUES (14411353,1,17,2,2,290)

INSERT INTO Orders_data VALUES (14411537,1,2,9,9,80)

INSERT INTO Orders_data VALUES (14411537,2,41,2,2,1220)

INSERT INTO Orders_data VALUES (14411537,3,51,8,8,3267)

INSERT INTO Orders_data VALUES (14411537,4,4,3,3,105)

INSERT INTO Orders_data VALUES (14411537,5,21,3,3,450)

INSERT INTO Orders_data VALUES (14411537,6,52,1,1,2154)

INSERT INTO Orders_data VALUES (14411537,7,15,5,5,428)

INSERT INTO Orders_data VALUES (14411537,8,53,2,2,1743)

INSERT INTO Orders_data VALUES (14411537,9,44,2,2,912)

INSERT INTO Orders_data VALUES (14412145,1,43,6,6,924)

INSERT INTO Orders_data VALUES (14412274,1,18,9,9,381)

INSERT INTO Orders_data VALUES (14412835,1,17,1,1,337)

INSERT INTO Orders_data VALUES (14412939,1,5,6,6,190)

INSERT INTO Orders_data VALUES (14412939,2,40,3,3,1173)

INSERT INTO Orders_data VALUES (14412939,3,56,5,5,1444)

INSERT INTO Orders_data VALUES (14412939,4,22,5,5,800)

INSERT INTO Orders_data VALUES (14412939,5,6,8,8,130)

INSERT INTO Orders_data VALUES (14412939,6,48,8,8,3313)

INSERT INTO Orders_data VALUES (14412939,7,49,9,9,3184)

INSERT INTO Orders_data VALUES (14412939,8,19,4,4,509)

INSERT INTO Orders_data VALUES (14412939,9,23,9,9,597)

INSERT INTO Orders_data VALUES (14412939,10,50,8,8,2564)

INSERT INTO Orders_data VALUES (14412996,1,2,3,3,52)

INSERT INTO Orders_data VALUES (14412996,2,16,10,10,203)

INSERT INTO Orders_data VALUES (14413195,1,15,5,5,233)

INSERT INTO Orders_data VALUES (14413322,1,14,3,3,300)

INSERT INTO Orders_data VALUES (14413397,1,13,7,7,376)

INSERT INTO Orders_data VALUES (14413406,1,54,5,5,2443)

INSERT INTO Orders_data VALUES (14413406,2,55,5,5,4169)

INSERT INTO Orders_data VALUES (14413406,3,56,8,8,3696)

INSERT INTO Orders_data VALUES (14413406,4,23,6,6,658)

INSERT INTO Orders_data VALUES (14413406,5,45,4,4,2184)

INSERT INTO Orders_data VALUES (14413406,6,10,6,6,305)

INSERT INTO Orders_data VALUES (14413406,7,56,6,6,2176)

INSERT INTO Orders_data VALUES (14413445,1,24,8,8,672)

INSERT INTO Orders_data VALUES (14413798,1,25,2,2,796)

INSERT INTO Orders_data VALUES (14413798,2,26,9,9,703)

INSERT INTO Orders_data VALUES (14413798,3,1,8,8,88)

INSERT INTO Orders_data VALUES (14413798,4,7,4,4,183)

INSERT INTO Orders_data VALUES (14413798,5,12,9,9,233)

INSERT INTO Orders_data VALUES (14413798,6,11,1,1,320)

INSERT INTO Orders_data VALUES (14413798,7,10,2,2,222)

INSERT INTO Orders_data VALUES (14413798,8,9,4,4,323)

INSERT INTO Orders_data VALUES (14413798,9,2,2,2,75)

INSERT INTO Orders_data VALUES (14413798,10,6,7,7,130)

INSERT INTO Orders_data VALUES (14413798,11,3,2,2,84)

INSERT INTO Orders_data VALUES (14413798,12,46,6,6,1281)

INSERT INTO Orders_data VALUES (14413798,13,27,7,7,852)

INSERT INTO Orders_data VALUES (14413798,14,38,4,4,1610)

INSERT INTO Orders_data VALUES (14413798,15,18,8,8,524)

INSERT INTO Orders_data VALUES (14413798,16,26,9,9,959)

INSERT INTO Orders_data VALUES (14414086,1,57,9,9,3408)

INSERT INTO Orders_data VALUES (14414086,2,54,7,7,4707)

INSERT INTO Orders_data VALUES (14414086,3,27,9,9,567)

INSERT INTO Orders_data VALUES (14414086,4,55,4,4,1488)

INSERT INTO Orders_data VALUES (14414086,5,17,4,4,545)

INSERT INTO Orders_data VALUES (14414086,6,55,4,4,3360)

INSERT INTO Orders_data VALUES (14414086,7,56,9,9,1740)

INSERT INTO Orders_data VALUES (14414086,8,50,8,8,2184)

INSERT INTO Orders_data VALUES (14414086,9,48,3,3,2409)

INSERT INTO Orders_data VALUES (14414178,1,28,1,1,611)

INSERT INTO Orders_data VALUES (14414496,1,1,1,1,66)

INSERT INTO Orders_data VALUES (14414587,1,2,4,4,98)

INSERT INTO Orders_data VALUES (14414724,1,47,5,5,2638)

INSERT INTO Orders_data VALUES (14414740,1,56,2,2,2256)

INSERT INTO Orders_data VALUES (14415082,1,37,9,9,1352)

INSERT INTO Orders_data VALUES (14415279,1,8,5,5,356)

INSERT INTO Orders_data VALUES (14415279,2,35,4,4,1027)

INSERT INTO Orders_data VALUES (14415712,1,25,1,1,868)

INSERT INTO Orders_data VALUES (14415727,1,5,8,8,160)

INSERT INTO Orders_data VALUES (14416021,1,52,8,8,1546)

INSERT INTO Orders_data VALUES (14416062,1,7,4,4,271)

INSERT INTO Orders_data VALUES (14416345,1,9,5,5,297)

INSERT INTO Orders_data VALUES (14416913,1,39,2,2,2016)

INSERT INTO Orders_data VALUES (14416913,2,48,10,10,4326)

INSERT INTO Orders_data VALUES (14416913,3,10,8,8,340)

INSERT INTO Orders_data VALUES (14416913,4,39,8,8,401)

INSERT INTO Orders_data VALUES (14416913,5,36,2,2,1619)

INSERT INTO Orders_data VALUES (14416913,6,33,5,5,1389)

INSERT INTO Orders_data VALUES (14416913,7,51,6,6,1257)

INSERT INTO Orders_data VALUES (14416913,8,4,3,3,130)

INSERT INTO Orders_data VALUES (14416913,9,24,4,4,1000)

INSERT INTO Orders_data VALUES (14417048,1,3,2,2,155)

INSERT INTO Orders_data VALUES (14417392,1,47,6,6,2694)

INSERT INTO Orders_data VALUES (14417423,1,2,8,8,52)

INSERT INTO Orders_data VALUES (14417700,1,41,10,10,1544)

INSERT INTO Orders_data VALUES (14417700,2,4,2,2,101)

INSERT INTO Orders_data VALUES (14417700,3,5,8,8,104)

INSERT INTO Orders_data VALUES (14417700,4,1,3,3,52)

INSERT INTO Orders_data VALUES (14417700,5,6,8,8,150)

INSERT INTO Orders_data VALUES (14417743,1,23,2,2,946)

INSERT INTO Orders_data VALUES (14417849,1,56,9,9,1947)

INSERT INTO Orders_data VALUES (14417993,1,46,2,2,2721)

INSERT INTO Orders_data VALUES (14417994,1,50,9,9,2855)

INSERT INTO Orders_data VALUES (14418354,1,51,5,5,2208)

INSERT INTO Orders_data VALUES (14418354,2,54,5,5,1469)

INSERT INTO Orders_data VALUES (14418848,1,17,6,0,475)

INSERT INTO Orders_data VALUES (14418848,2,7,10,0,180)

INSERT INTO Orders_data VALUES (14418848,3,22,10,0,963)

INSERT INTO Orders_data VALUES (14418848,4,35,5,0,1050)

INSERT INTO Orders_data VALUES (14418865,1,18,6,6,786)

INSERT INTO Orders_data VALUES (14419012,1,11,9,9,328)

INSERT INTO Orders_data VALUES (14419079,1,42,3,3,2258)

INSERT INTO Orders_data VALUES (14419330,1,2,3,3,58)

INSERT INTO Orders_data VALUES (14419608,1,48,4,4,1189)

INSERT INTO Orders_data VALUES (14419764,1,40,6,6,1500)

INSERT INTO Orders_data VALUES (14420130,1,19,9,9,417)

INSERT INTO Orders_data VALUES (14420414,1,8,3,3,214)

INSERT INTO Orders_data VALUES (14420824,1,51,2,2,1742)

INSERT INTO Orders_data VALUES (14420849,1,6,5,5,199)

INSERT INTO Orders_data VALUES (14421069,1,7,3,3,245)

INSERT INTO Orders_data VALUES (14421069,2,1,9,9,80)

INSERT INTO Orders_data VALUES (14421383,1,50,9,9,1534)

INSERT INTO Orders_data VALUES (14421393,1,12,9,9,380)

INSERT INTO Orders_data VALUES (14421393,2,13,1,1,350)

INSERT INTO Orders_data VALUES (14421393,3,14,3,3,240)

INSERT INTO Orders_data VALUES (14421393,4,5,8,8,122)

INSERT INTO Orders_data VALUES (14421409,1,15,8,8,267)

INSERT INTO Orders_data VALUES (14421409,2,2,5,5,98)

INSERT INTO Orders_data VALUES (14421713,1,41,5,5,1450)

INSERT INTO Orders_data VALUES (14421713,2,16,8,8,206)

INSERT INTO Orders_data VALUES (14421713,3,7,6,6,261)

INSERT INTO Orders_data VALUES (14421713,4,20,9,9,461)

INSERT INTO Orders_data VALUES (14421713,5,8,8,8,240)

INSERT INTO Orders_data VALUES (14421713,6,4,3,3,145)

INSERT INTO Orders_data VALUES (14421713,7,21,3,3,500)

INSERT INTO Orders_data VALUES (14421773,1,33,3,3,934)

INSERT INTO Orders_data VALUES (14422119,1,3,9,9,194)

INSERT INTO Orders_data VALUES (14422373,1,22,3,3,763)

INSERT INTO Orders_data VALUES (14422625,1,4,10,10,100)

INSERT INTO Orders_data VALUES (14422876,1,39,4,4,1589)

INSERT INTO Orders_data VALUES (14422876,2,9,3,3,256)

INSERT INTO Orders_data VALUES (14423161,1,5,10,10,122)

INSERT INTO Orders_data VALUES (14423161,2,15,4,4,324)

INSERT INTO Orders_data VALUES (14423204,1,52,7,7,3296)

INSERT INTO Orders_data VALUES (14423251,1,41,4,4,1127)

INSERT INTO Orders_data VALUES (14423521,1,6,7,0,117)

INSERT INTO Orders_data VALUES (14423521,2,7,10,0,146)

INSERT INTO Orders_data VALUES (14423760,1,23,9,9,547)

INSERT INTO Orders_data VALUES (14424008,1,16,2,2,397)

INSERT INTO Orders_data VALUES (14424255,1,3,5,5,80)

INSERT INTO Orders_data VALUES (14424352,1,55,8,8,2694)

INSERT INTO Orders_data VALUES (14424525,1,6,8,8,116)

INSERT INTO Orders_data VALUES (14424544,1,46,1,1,2006)

INSERT INTO Orders_data VALUES (14424778,1,53,9,9,2543)

INSERT INTO Orders_data VALUES (14424883,1,23,10,10,960)

INSERT INTO Orders_data VALUES (14425109,1,14,10,10,289)

INSERT INTO Orders_data VALUES (14426279,1,5,9,9,108)

INSERT INTO Orders_data VALUES (14426451,1,24,6,6,800)

INSERT INTO Orders_data VALUES (14426459,1,7,4,4,214)

INSERT INTO Orders_data VALUES (14426459,2,4,9,9,193)

INSERT INTO Orders_data VALUES (14426635,1,25,8,8,677)

INSERT INTO Orders_data VALUES (14426909,1,8,3,3,204)

INSERT INTO Orders_data VALUES (14426909,2,26,8,8,419)

INSERT INTO Orders_data VALUES (14426909,3,27,1,1,560)

INSERT INTO Orders_data VALUES (14426909,4,45,2,2,1405)

INSERT INTO Orders_data VALUES (14427888,1,9,1,1,265)

INSERT INTO Orders_data VALUES (14429093,1,28,6,6,587)

INSERT INTO Orders_data VALUES (14429198,1,54,10,10,2339)

INSERT INTO Orders_data VALUES (14429375,1,42,7,7,1161)

INSERT INTO Orders_data VALUES (14429375,2,24,9,9,865)

INSERT INTO Orders_data VALUES (14429554,1,25,6,6,867)

INSERT INTO Orders_data VALUES (14429554,2,48,4,4,4646)

INSERT INTO Orders_data VALUES (14429557,1,47,4,4,4102)

INSERT INTO Orders_data VALUES (14429613,1,47,3,3,2358)

INSERT INTO Orders_data VALUES (14430554,1,3,5,5,175)

INSERT INTO Orders_data VALUES (14430554,2,4,9,9,140)

INSERT INTO Orders_data VALUES (14430559,1,5,10,10,191)

INSERT INTO Orders_data VALUES (14430559,2,19,4,4,456)

INSERT INTO Orders_data VALUES (14430559,3,8,8,8,240)

INSERT INTO Orders_data VALUES (14430559,4,9,4,4,252)

INSERT INTO Orders_data VALUES (14430587,1,2,7,7,88)

INSERT INTO Orders_data VALUES (14430626,1,6,4,4,141)

INSERT INTO Orders_data VALUES (14430704,1,18,3,3,460)

INSERT INTO Orders_data VALUES (14430979,1,2,6,6,54)

INSERT INTO Orders_data VALUES (14431004,1,12,5,5,306)

INSERT INTO Orders_data VALUES (14431088,1,7,8,8,110)

INSERT INTO Orders_data VALUES (14431144,1,17,10,10,499)

INSERT INTO Orders_data VALUES (14431148,1,6,7,7,110)

INSERT INTO Orders_data VALUES (14431289,1,5,4,4,140)

INSERT INTO Orders_data VALUES (14431622,1,46,1,1,2144)

INSERT INTO Orders_data VALUES (14432119,1,20,8,8,440)

INSERT INTO Orders_data VALUES (14432207,1,4,7,7,101)

INSERT INTO Orders_data VALUES (14432221,1,1,3,3,90)

INSERT INTO Orders_data VALUES (14432354,1,37,9,9,1250)

INSERT INTO Orders_data VALUES (14432460,1,38,4,4,1173)

INSERT INTO Orders_data VALUES (14432460,2,2,4,4,75)

INSERT INTO Orders_data VALUES (14432460,3,26,5,5,864)

INSERT INTO Orders_data VALUES (14432460,4,21,3,3,597)

INSERT INTO Orders_data VALUES (14432494,1,22,5,5,470)

INSERT INTO Orders_data VALUES (14432637,1,55,9,9,2135)

INSERT INTO Orders_data VALUES (14432744,1,10,10,10,257)

INSERT INTO Orders_data VALUES (14432773,1,11,6,6,242)

INSERT INTO Orders_data VALUES (14433083,1,3,3,3,184)

INSERT INTO Orders_data VALUES (14433463,1,12,10,0,212)

INSERT INTO Orders_data VALUES (14433463,2,4,5,0,177)

INSERT INTO Orders_data VALUES (14433463,3,13,6,0,350)

INSERT INTO Orders_data VALUES (14433463,4,5,8,0,198)

INSERT INTO Orders_data VALUES (14433463,5,14,6,0,300)

INSERT INTO Orders_data VALUES (14433463,6,23,4,0,507)

INSERT INTO Orders_data VALUES (14434086,1,24,6,6,587)

INSERT INTO Orders_data VALUES (14434385,1,46,8,8,1562)

INSERT INTO Orders_data VALUES (14434833,1,25,9,9,704)

INSERT INTO Orders_data VALUES (14434833,2,15,2,2,349)

INSERT INTO Orders_data VALUES (14434833,3,7,1,1,233)

INSERT INTO Orders_data VALUES (14434833,4,26,9,9,615)

INSERT INTO Orders_data VALUES (14434885,1,6,3,3,150)

INSERT INTO Orders_data VALUES (14435014,1,46,7,7,4826)

INSERT INTO Orders_data VALUES (14435788,1,45,4,4,2655)

INSERT INTO Orders_data VALUES (14435836,1,49,7,7,2675)

INSERT INTO Orders_data VALUES (14436096,1,8,1,1,264)

INSERT INTO Orders_data VALUES (14436348,1,7,3,3,137)

INSERT INTO Orders_data VALUES (14436747,1,6,3,3,158)

INSERT INTO Orders_data VALUES (14437115,1,50,8,8,4645)

INSERT INTO Orders_data VALUES (14437324,1,38,7,7,1071)

INSERT INTO Orders_data VALUES (14437706,1,27,2,2,946)

INSERT INTO Orders_data VALUES (14437765,1,49,8,8,1865)

INSERT INTO Orders_data VALUES (14438433,1,42,9,9,1539)

INSERT INTO Orders_data VALUES (14438433,2,40,5,5,1245)

INSERT INTO Orders_data VALUES (14438433,3,3,5,5,92)

INSERT INTO Orders_data VALUES (14438433,4,28,7,7,900)

INSERT INTO Orders_data VALUES (14439251,1,56,9,9,2328)

INSERT INTO Orders_data VALUES (14439293,1,16,8,8,350)

INSERT INTO Orders_data VALUES (14439530,1,5,9,9,147)

INSERT INTO Orders_data VALUES (14439530,2,4,7,7,177)

INSERT INTO Orders_data VALUES (14439530,3,1,7,7,58)

INSERT INTO Orders_data VALUES (14439530,4,3,6,6,139)

INSERT INTO Orders_data VALUES (14439844,1,9,8,8,255)

INSERT INTO Orders_data VALUES (14439895,1,29,2,2,877)

INSERT INTO Orders_data VALUES (14440050,1,30,3,3,876)

INSERT INTO Orders_data VALUES (14440059,1,27,8,8,493)

INSERT INTO Orders_data VALUES (14440545,1,10,7,7,216)

INSERT INTO Orders_data VALUES (14440957,1,38,3,3,1013)

INSERT INTO Orders_data VALUES (14440995,1,11,6,6,271)

INSERT INTO Orders_data VALUES (14441366,1,4,5,5,111)

INSERT INTO Orders_data VALUES (14441589,1,15,1,1,330)

INSERT INTO Orders_data VALUES (14441657,1,5,7,7,128)

INSERT INTO Orders_data VALUES (14442100,1,47,5,5,3930)

INSERT INTO Orders_data VALUES (14442116,1,28,9,9,474)

INSERT INTO Orders_data VALUES (14442339,1,51,9,9,1802)

INSERT INTO Orders_data VALUES (14442539,1,32,7,7,746)

INSERT INTO Orders_data VALUES (14442539,2,14,9,9,220)

INSERT INTO Orders_data VALUES (14442539,3,13,6,6,394)

INSERT INTO Orders_data VALUES (14442539,4,37,4,4,1043)

INSERT INTO Orders_data VALUES (14442539,5,51,3,3,1554)

INSERT INTO Orders_data VALUES (14442539,6,29,1,1,579)

INSERT INTO Orders_data VALUES (14442539,7,32,8,8,607)

INSERT INTO Orders_data VALUES (14443820,1,56,9,9,2638)

INSERT INTO Orders_data VALUES (14443948,1,2,9,9,70)

INSERT INTO Orders_data VALUES (14444065,1,30,7,7,641)

INSERT INTO Orders_data VALUES (14444127,1,50,9,9,1900)

INSERT INTO Orders_data VALUES (14444127,2,48,6,6,4633)

INSERT INTO Orders_data VALUES (14444127,3,6,3,3,150)

INSERT INTO Orders_data VALUES (14444127,4,1,2,2,80)

INSERT INTO Orders_data VALUES (14444127,5,43,6,6,1193)

INSERT INTO Orders_data VALUES (14444127,6,11,8,8,300)

INSERT INTO Orders_data VALUES (14444127,7,49,9,9,1981)

INSERT INTO Orders_data VALUES (14444127,8,10,4,4,266)

INSERT INTO Orders_data VALUES (14444805,1,2,8,8,70)

INSERT INTO Orders_data VALUES (14444865,1,31,2,2,403)

INSERT INTO Orders_data VALUES (14445112,1,41,9,9,1367)

INSERT INTO Orders_data VALUES (14445598,1,49,3,3,4522)

INSERT INTO Orders_data VALUES (14445598,2,51,6,6,1716)

INSERT INTO Orders_data VALUES (14445598,3,50,3,3,3639)

INSERT INTO Orders_data VALUES (14445598,4,19,4,4,411)

INSERT INTO Orders_data VALUES (14445598,5,9,3,3,247)

INSERT INTO Orders_data VALUES (14445598,6,51,7,7,2727)

INSERT INTO Orders_data VALUES (14445598,7,55,5,5,2800)

INSERT INTO Orders_data VALUES (14445845,1,55,5,5,2621)

INSERT INTO Orders_data VALUES (14446022,1,7,4,4,180)

INSERT INTO Orders_data VALUES (14446293,1,55,5,5,2630)

INSERT INTO Orders_data VALUES (14446315,1,6,9,9,200)

INSERT INTO Orders_data VALUES (14446315,2,8,8,8,282)

INSERT INTO Orders_data VALUES (14446315,3,20,5,5,573)

INSERT INTO Orders_data VALUES (14446315,4,34,8,8,995)

INSERT INTO Orders_data VALUES (14446315,5,5,7,7,133)

INSERT INTO Orders_data VALUES (14446315,6,3,6,6,91)

INSERT INTO Orders_data VALUES (14446315,7,2,5,5,88)

INSERT INTO Orders_data VALUES (14446315,8,57,7,7,2839)

INSERT INTO Orders_data VALUES (14446315,9,31,8,8,974)

INSERT INTO Orders_data VALUES (14446342,1,4,3,3,111)

INSERT INTO Orders_data VALUES (14446854,1,3,10,10,170)

INSERT INTO Orders_data VALUES (14447465,1,4,9,0,108)

INSERT INTO Orders_data VALUES (14447475,1,1,6,6,87)

INSERT INTO Orders_data VALUES (14447478,1,9,5,5,253)

INSERT INTO Orders_data VALUES (14447506,1,18,9,9,460)

INSERT INTO Orders_data VALUES (14449237,1,17,3,3,435)

INSERT INTO Orders_data VALUES (14449266,1,7,5,5,231)

INSERT INTO Orders_data VALUES (14449266,2,15,2,2,333)

INSERT INTO Orders_data VALUES (14449381,1,5,1,1,163)

INSERT INTO Orders_data VALUES (14449399,1,45,7,7,1903)

INSERT INTO Orders_data VALUES (14449446,1,50,4,4,2340)

INSERT INTO Orders_data VALUES (14450110,1,19,8,8,556)

INSERT INTO Orders_data VALUES (14450698,1,48,1,1,1734)

INSERT INTO Orders_data VALUES (14450730,1,2,4,4,85)

INSERT INTO Orders_data VALUES (14451204,1,44,4,4,1705)

INSERT INTO Orders_data VALUES (14451283,1,8,9,9,240)

INSERT INTO Orders_data VALUES (14451369,1,7,5,5,218)

INSERT INTO Orders_data VALUES (14451565,1,20,6,6,600)

INSERT INTO Orders_data VALUES (14451693,1,16,9,9,506)

INSERT INTO Orders_data VALUES (14452009,1,57,7,7,4506)

INSERT INTO Orders_data VALUES (14452611,1,57,5,5,2079)

INSERT INTO Orders_data VALUES (14452649,1,2,2,2,51)

INSERT INTO Orders_data VALUES (14452732,1,21,8,8,410)

INSERT INTO Orders_data VALUES (14452950,1,3,3,3,82)

INSERT INTO Orders_data VALUES (14453041,1,22,9,9,631)

INSERT INTO Orders_data VALUES (14453041,2,18,5,5,461)

INSERT INTO Orders_data VALUES (14453041,3,6,8,8,162)

INSERT INTO Orders_data VALUES (14453102,1,10,9,9,340)

INSERT INTO Orders_data VALUES (14453216,1,2,2,2,87)

INSERT INTO Orders_data VALUES (14453216,2,7,4,4,178)

INSERT INTO Orders_data VALUES (14453216,3,44,4,4,1504)

INSERT INTO Orders_data VALUES (14453216,4,32,5,5,874)

INSERT INTO Orders_data VALUES (14453216,5,19,9,9,492)

INSERT INTO Orders_data VALUES (14453279,1,33,7,7,875)

INSERT INTO Orders_data VALUES (14453910,1,15,8,8,355)

INSERT INTO Orders_data VALUES (14453910,2,46,2,2,1704)

INSERT INTO Orders_data VALUES (14453910,3,46,10,10,1529)

INSERT INTO Orders_data VALUES (14453910,4,11,2,2,240)

INSERT INTO Orders_data VALUES (14453910,5,56,7,7,2157)

INSERT INTO Orders_data VALUES (14454575,1,6,9,9,134)

INSERT INTO Orders_data VALUES (14454626,1,20,4,4,407)

INSERT INTO Orders_data VALUES (14454626,2,40,9,9,1155)

INSERT INTO Orders_data VALUES (14454626,3,42,7,7,1665)

INSERT INTO Orders_data VALUES (14454626,4,25,9,9,739)

INSERT INTO Orders_data VALUES (14455008,1,48,4,4,4426)

INSERT INTO Orders_data VALUES (14455919,1,7,10,0,224)

INSERT INTO Orders_data VALUES (14455919,2,8,8,0,218)

INSERT INTO Orders_data VALUES (14456805,1,56,9,9,2651)

INSERT INTO Orders_data VALUES (14456805,2,56,7,7,2432)

INSERT INTO Orders_data VALUES (14456805,3,44,7,7,1381)

INSERT INTO Orders_data VALUES (14457470,1,2,8,8,62)

INSERT INTO Orders_data VALUES (14457509,1,17,9,9,480)

INSERT INTO Orders_data VALUES (14457823,1,9,2,2,323)

INSERT INTO Orders_data VALUES (14458067,1,5,8,8,169)

INSERT INTO Orders_data VALUES (14458363,1,1,10,10,85)

INSERT INTO Orders_data VALUES (14458551,1,10,8,8,310)

INSERT INTO Orders_data VALUES (14459322,1,18,9,9,440)

INSERT INTO Orders_data VALUES (14459332,1,11,5,5,387)

INSERT INTO Orders_data VALUES (14459777,1,12,9,9,335)

INSERT INTO Orders_data VALUES (14460689,1,38,8,8,1009)

INSERT INTO Orders_data VALUES (14460871,1,40,8,8,1030)

INSERT INTO Orders_data VALUES (14460886,1,13,9,0,374)

INSERT INTO Orders_data VALUES (14460896,1,19,5,5,479)

INSERT INTO Orders_data VALUES (14461563,1,1,1,1,56)

INSERT INTO Orders_data VALUES (14462072,1,20,10,10,434)

INSERT INTO Orders_data VALUES (14462076,1,1,7,7,68)

INSERT INTO Orders_data VALUES (14462410,1,9,7,7,265)

INSERT INTO Orders_data VALUES (14462538,1,8,5,5,202)

INSERT INTO Orders_data VALUES (14462538,2,2,9,9,83)

INSERT INTO Orders_data VALUES (14463484,1,7,3,3,281)

INSERT INTO Orders_data VALUES (14463708,1,2,5,5,59)

INSERT INTO Orders_data VALUES (14463780,1,21,7,7,594)

INSERT INTO Orders_data VALUES (14464692,1,10,10,10,240)

INSERT INTO Orders_data VALUES (14464692,2,47,3,3,1900)

INSERT INTO Orders_data VALUES (14464692,3,25,9,9,649)

INSERT INTO Orders_data VALUES (14464850,1,4,1,1,145)

INSERT INTO Orders_data VALUES (14465249,1,2,5,5,57)

INSERT INTO Orders_data VALUES (14465458,1,49,6,6,3466)

INSERT INTO Orders_data VALUES (14465547,1,3,4,4,140)

INSERT INTO Orders_data VALUES (14465625,1,4,7,0,113)

INSERT INTO Orders_data VALUES (14465895,1,17,2,2,414)

INSERT INTO Orders_data VALUES (14465900,1,50,5,5,2842)

INSERT INTO Orders_data VALUES (14466007,1,11,7,7,309)

INSERT INTO Orders_data VALUES (14466330,1,5,6,6,177)

INSERT INTO Orders_data VALUES (14466461,1,8,5,0,236)

INSERT INTO Orders_data VALUES (14466829,1,6,8,0,156)

INSERT INTO Orders_data VALUES (14467021,1,12,8,0,303)

INSERT INTO Sections VALUES (2,'Администрирование')

INSERT INTO Sections VALUES (10,'Безопасность')

INSERT INTO Sections VALUES (4,'Компьютерные сети')

INSERT INTO Sections VALUES (1,'Математика')

INSERT INTO Sections VALUES (7,'Менеджмент')

INSERT INTO Sections VALUES (3,'Образование')

INSERT INTO Sections VALUES (5,'Программирование')

INSERT INTO Sections VALUES (9,'Психология')

INSERT INTO Sections VALUES (6,'Системная интеграция')

INSERT INTO Sections VALUES (11,'Справочники')

INSERT INTO Sections VALUES (13,'Строительство')

INSERT INTO Sections VALUES (8,'Физика')

INSERT INTO Sections VALUES (12,'Экономика')

INSERT INTO Stock VALUES (1,2,0)

INSERT INTO Stock VALUES (2,19,0)

INSERT INTO Stock VALUES (3,3,0)

INSERT INTO Stock VALUES (4,16,0)

INSERT INTO Stock VALUES (5,1,0)

INSERT INTO Stock VALUES (6,22,8)

INSERT INTO Stock VALUES (7,15,0)

INSERT INTO Stock VALUES (8,28,5)

INSERT INTO Stock VALUES (9,13,0)

INSERT INTO Stock VALUES (10,25,0)

INSERT INTO Stock VALUES (11,10,0)

INSERT INTO Stock VALUES (12,11,8)

INSERT INTO Stock VALUES (13,27,0)

INSERT INTO Stock VALUES (14,8,0)

INSERT INTO Stock VALUES (15,23,0)

INSERT INTO Stock VALUES (16,8,0)

INSERT INTO Stock VALUES (17,27,0)

INSERT INTO Stock VALUES (18,23,0)

INSERT INTO Stock VALUES (19,11,0)

INSERT INTO Stock VALUES (20,1,0)

INSERT INTO Stock VALUES (21,3,0)

INSERT INTO Stock VALUES (22,6,0)

INSERT INTO Stock VALUES (23,12,0)

INSERT INTO Stock VALUES (24,2,0)

INSERT INTO Stock VALUES (25,12,0)

INSERT INTO Stock VALUES (26,27,0)

INSERT INTO Stock VALUES (27,15,0)

INSERT INTO Stock VALUES (28,20,0)

INSERT INTO Stock VALUES (29,13,0)

INSERT INTO Stock VALUES (30,22,0)

INSERT INTO Stock VALUES (31,18,0)

INSERT INTO Stock VALUES (32,17,0)

INSERT INTO Stock VALUES (33,23,0)

INSERT INTO Stock VALUES (34,4,0)

INSERT INTO Stock VALUES (35,29,0)

INSERT INTO Stock VALUES (36,16,0)

INSERT INTO Stock VALUES (37,8,0)

INSERT INTO Stock VALUES (38,30,0)

INSERT INTO Stock VALUES (39,26,0)

INSERT INTO Stock VALUES (40,15,0)

INSERT INTO Stock VALUES (41,24,0)

INSERT INTO Stock VALUES (42,26,0)

INSERT INTO Stock VALUES (43,0,0)

INSERT INTO Stock VALUES (44,28,0)

INSERT INTO Stock VALUES (45,22,0)

INSERT INTO Stock VALUES (46,6,0)

INSERT INTO Stock VALUES (47,4,0)

INSERT INTO Stock VALUES (48,2,0)

INSERT INTO Stock VALUES (49,24,0)

INSERT INTO Stock VALUES (50,26,0)

INSERT INTO Stock VALUES (51,19,0)

INSERT INTO Stock VALUES (52,16,0)

INSERT INTO Stock VALUES (53,22,0)

INSERT INTO Stock VALUES (54,15,0)

INSERT INTO Stock VALUES (55,28,0)

INSERT INTO Stock VALUES (56,0,0)

INSERT INTO Stock VALUES (57,4,0)









